_id,country_count_sim,status_match,country_overlap,name_name_jac_dlm_dc0_dlm_dc0,name_name_jac_qgm_3_qgm_3,countries_countries_jac_dlm_dc0_dlm_dc0,countries_countries_jac_qgm_3_qgm_3
8876403,1,0,0.0,,,0.0,0.0
2111434,0,0,0.0,,,0.0,0.017241379310344827
7689612,0,0,0.0,,,0.0,0.0
5992313,1,0,0.0,,,0.0,0.0
4414896,1,0,0.0,0.25,0.06896551724137931,0.0,0.021739130434782608
8300767,1,1,0.0,,,0.0,0.0
3736398,1,1,0.0,,,0.0,0.0
2197028,1,1,0.0,,,0.0,0.0
7692891,0,1,0.0,,,0.0,0.0
5706108,1,0,0.0,,,0.0,0.0
7273429,1,1,0.0,0.0,0.015625,0.0,0.0
8876414,1,0,0.0,,,0.0,0.0
2033116,1,0,0.0,,,0.0,0.0
4889993,1,0,0.0,0.0,0.13157894736842105,0.0,0.038461538461538464
6464125,1,1,0.0,0.3333333333333333,0.1935483870967742,0.0,0.0
8958733,1,1,0.5,0.25,0.1,0.0,0.18461538461538465
8994292,1,0,0.0,0.5,0.14285714285714285,0.0,0.0
1840304,1,1,0.0,1.0,0.8076923076923077,0.0,0.023809523809523808
8986376,1,0,0.0,,,0.0,0.0
1350575,1,0,0.0,,,0.0,0.0
7281358,1,1,1.0,0.0,0.0,0.0,0.07692307692307693
5254962,1,0,0.0,,,0.0,0.0
6253714,1,0,0.0,,,0.0,0.0
8887883,1,1,0.0,,,0.0,0.0
7281350,1,1,0.0,,,0.0,0.02325581395348837
6480213,1,1,0.0,0.3333333333333333,0.16129032258064516,0.0,0.0
2111695,1,0,0.0,0.25,0.206896551724138,0.0,0.013513513513513514
2434864,1,0,0.0,,,0.0,0.0
2099510,1,1,0.0,,,0.0,0.0
7273421,1,1,0.0,0.0,0.0,0.0,0.0
6178121,0,0,0.0,0.5,0.5581395348837209,0.0,0.0
4292707,1,1,0.0,0.16666666666666666,0.09803921568627452,0.0,0.02
7270166,1,0,0.0,,,0.0,0.0
785107,1,1,0.0,,,0.0,0.0
1191527,0,1,0.0,0.125,0.3877551020408163,0.0,0.0
6186040,1,0,0.0,0.2,0.16363636363636366,0.0,0.0
4889657,1,0,0.0,0.5,0.2380952380952381,0.0,0.027777777777777776
7692950,1,1,0.0,0.5,0.2857142857142857,0.0,0.0
2524017,1,0,0.0,0.5,0.425,0.0,0.0
1777543,0,1,0.0,0.25,0.14634146341463414,0.0,0.0
4048388,1,1,0.0,0.0,0.08,0.0,0.0
7689641,0,0,0.0,,,0.0,0.0
4889880,1,0,0.0,0.3333333333333333,0.21739130434782608,0.0,0.018518518518518517
7143880,1,0,0.0,,,0.0,0.0
7273420,1,1,0.0,,,0.0,0.0
2111341,0,0,0.0,,,0.0,0.0
5696037,1,0,0.0,0.6666666666666666,0.3235294117647059,0.0,0.0
5688122,1,0,0.0,0.6666666666666666,0.3235294117647059,0.0,0.0
7128416,1,1,0.0,0.0,0.07142857142857142,0.0,0.0
7523746,1,0,0.0,0.3333333333333333,0.2413793103448276,0.0,0.0
8349249,1,1,0.0,,,0.0,0.0
7692900,0,1,0.0,,,0.0,0.0
3053093,1,0,0.0,0.3333333333333333,0.1724137931034483,0.0,0.0
5666533,1,0,0.0,,,0.0,0.023809523809523808
6458795,1,0,0.0,,,0.0,0.0
4889815,1,0,0.0,0.0,0.0,0.0,0.03448275862068965
2111643,1,0,0.0,0.5,0.35714285714285715,0.0,0.013513513513513514
7585347,1,0,0.0,0.16666666666666666,0.22,0.0,0.0
7689627,0,0,0.0,,,0.0,0.0
1128486,1,1,0.0,1.0,0.6875,0.0,0.0
8966647,0,1,0.0,,,0.0,0.0
7693309,0,1,0.0,,,0.0,0.0
7278052,1,0,1.0,,,0.0,0.41025641025641024
6186234,0,0,0.0,0.25,0.17647058823529413,0.0,0.0
4005194,1,1,0.0,0.0,0.0392156862745098,0.0,0.0
6456210,1,1,0.0,0.3333333333333333,0.1935483870967742,0.0,0.0
7689640,0,0,0.0,,,0.0,0.0
7047185,1,0,0.0,,,0.0,0.0
1374349,0,0,0.0,,,0.0,0.0
8884319,1,0,0.0,,,0.0,0.0
2099471,0,1,0.0,0.16666666666666666,0.15789473684210525,0.0,0.0
1199443,1,1,0.0,0.14285714285714285,0.1320754716981132,0.0,0.0
2103428,1,0,0.0,,,0.0,0.0
2103431,1,0,0.0,,,0.0,0.0
8882838,1,0,0.0,,,0.0,0.0
5669906,1,1,0.0,,,0.0,0.0
4431301,1,0,0.0,0.2,0.17073170731707318,0.0,0.0
9164981,1,1,0.0,,,0.0,0.0
7270164,1,0,0.0,,,0.0,0.0
4414963,1,0,0.0,0.5,0.35714285714285715,0.0,0.019230769230769232
2107389,1,1,0.0,,,0.0,0.0136986301369863
1785446,1,1,0.0,0.25,0.15384615384615385,0.0,0.0
8425835,1,0,0.0,0.0,0.1774193548387097,0.0,0.0
5714023,0,1,0.0,,,0.0,0.0
4924236,1,1,1.0,1.0,0.7916666666666666,0.0,0.2222222222222222
7130359,1,1,0.0,0.25,0.08823529411764706,0.0,0.0
5541716,1,1,0.0,0.0,0.0,0.0,0.007853403141361256
8862186,1,1,0.0,0.0,0.0,0.0,0.0
7512846,1,0,0.0,0.375,0.3103448275862069,0.0,0.0
8650503,1,1,0.0,,,0.0,0.0
1128492,1,1,0.0,0.3333333333333333,0.2,0.0,0.0
4947839,1,1,0.0,0.16666666666666666,0.13953488372093026,0.0,0.0
4414984,1,0,0.0,0.5,0.35714285714285715,0.0,0.027777777777777776
7278043,1,0,0.0,,,0.0,0.0
4574179,0,0,0.0,0.4,0.3076923076923077,0.0,0.0
2103779,1,0,0.0,,,0.0,0.0
2073742,0,1,0.0,0.25,0.5,0.0,0.006024096385542169
4575468,1,1,0.0,0.25,0.19298245614035087,0.0,0.0
5252194,1,1,0.0,0.0,0.21428571428571427,0.0,0.0
7273813,1,1,0.0,0.0,0.0,0.0,0.0
5243631,1,1,0.0,,,0.0,0.0
8990394,1,1,0.0,0.5,0.16666666666666666,0.0,0.0
7524059,1,0,0.0,0.3333333333333333,0.2258064516129032,0.0,0.03225806451612903
7278071,1,0,0.0,0.2,0.0975609756097561,0.0,0.0
8974559,1,1,1.0,0.3333333333333333,0.125,0.0,0.13333333333333333
3906681,0,1,0.0,,,0.0,0.0
109763,1,0,0.0,0.2,0.1,0.0,0.0
2434470,1,1,0.0,,,0.0,0.022727272727272728
234111,1,1,0.0,0.5,0.3666666666666665,0.0,0.0
6276328,1,1,0.0,,,0.0,0.0
7692974,0,1,0.0,,,0.0,0.0
8998305,1,1,0.0,0.5,0.14285714285714285,0.0,0.0
1372109,0,1,0.0,,,0.0,0.0
7394001,1,0,0.0,,,0.0,0.0
7514182,1,0,0.0,0.4,0.24444444444444444,0.0,0.0
4567145,0,1,0.0,0.4,0.28205128205128205,0.0,0.0
2294300,1,0,0.0,0.2,0.10526315789473684,0.0,0.0
6245118,1,0,0.0,,,0.0,0.0
2200134,1,0,0.0,0.3333333333333333,0.17857142857142858,0.0,0.0
5809961,1,0,0.0,0.2,0.17391304347826084,0.0,0.0
6150147,0,0,0.0,0.4,0.24489795918367346,0.0,0.0
2107153,0,1,0.0,,,0.0,0.017241379310344827
5612345,1,1,0.0,0.0,0.0,0.0,0.0
7974916,1,0,0.0,0.14285714285714285,0.1368421052631579,0.0,0.0
7270136,1,0,0.0,,,0.0,0.0
4885599,0,1,1.0,0.3333333333333333,0.21739130434782608,0.0,0.1320754716981132
7270143,1,0,0.0,0.0,0.0,0.0,0.0
5713545,0,1,0.0,,,0.0,0.0
6257367,1,0,0.0,,,0.0,0.0
4889882,1,0,1.0,,,0.0,0.14
7689633,0,0,0.0,0.125,0.19642857142857145,0.0,0.0
7278123,1,0,0.0,0.0,0.0,0.0,0.0
9063341,1,0,0.0,,,0.0,0.0
8876419,1,0,0.0,,,0.0,0.0
4985352,0,0,0.0,0.0,0.047619047619047616,0.0,0.0
3286783,0,1,0.0,,,0.0,0.0
1369617,0,1,0.0,,,0.0,0.0
1344481,1,0,0.0,,,0.0,0.0
2111498,0,0,0.0,0.5,0.35714285714285715,0.0,0.019230769230769232
8876415,1,0,0.0,,,0.0,0.0
7270178,1,0,0.0,,,0.0,0.0
3736392,1,1,0.0,,,0.0,0.0
7277997,1,0,0.0,,,0.0,0.0
4143489,1,1,0.0,1.0,0.7058823529411765,0.0,0.0
4885577,0,1,1.0,0.5,0.2380952380952381,0.0,0.10144927536231883
6186035,1,0,0.0,0.125,0.13157894736842105,0.0,0.0
7191393,1,0,0.0,,,0.0,0.0
5549957,1,1,0.0,,,0.0,0.0
2426517,1,1,0.0,,,0.0,0.0
2111645,1,0,0.0,0.5,0.35714285714285715,0.0,0.011764705882352941
2111707,1,0,0.0,0.25,0.206896551724138,0.0,0.014285714285714284
2103577,1,0,0.0,0.25,0.206896551724138,0.0,0.0
8236736,1,1,0.0,,,0.0,0.0
7689580,0,0,0.0,,,0.0,0.0
8342732,1,0,0.0,,,0.0,0.0
6181780,1,0,0.0,,,0.0,0.0
2103797,1,0,0.0,,,0.0,0.0
2103581,1,0,0.0,,,0.0,0.0
8878629,1,1,0.0,,,0.0,0.0
8342673,1,0,0.0,,,0.0,0.0
3997279,1,1,0.0,0.0,0.0392156862745098,0.0,0.0
8966651,0,1,0.0,0.5,0.15789473684210525,0.0,0.0
7279752,1,1,0.0,,,0.0,0.0
6247780,1,0,0.0,0.16666666666666666,0.10256410256410256,0.0,0.0
1487789,1,0,0.0,,,0.0,0.0
7270145,1,0,0.0,,,0.0,0.0
4410275,1,1,0.0,,,0.0,0.0
7278049,1,0,0.0,0.125,0.06896551724137931,0.0,0.0
1721457,0,1,0.0,,,0.0,0.0
8266436,1,0,0.0,0.5,0.3448275862068966,0.0,0.0
5705609,1,0,0.0,,,0.0,0.0
6253791,0,0,0.0,,,0.0,0.0
7692899,0,1,0.0,,,0.0,0.0
4414914,1,0,0.0,0.0,0.0,0.0,0.0
8345225,1,0,0.0,,,0.0,0.0
6248994,1,0,0.0,0.25,0.14285714285714285,0.0,0.0
4410420,1,1,0.0,,,0.0,0.0
8160094,1,1,0.0,0.2857142857142857,0.19607843137254904,0.0,0.0
5664377,1,0,0.0,0.6666666666666666,0.3235294117647059,0.0,0.0
8874513,1,0,0.0,,,0.0,0.0
4410738,0,1,0.0,,,0.0,0.012987012987012988
7270137,1,0,0.0,,,0.0,0.0
4410734,1,1,0.0,1.0,0.7727272727272727,0.0,0.0
7278069,1,0,0.0,,,0.0,0.0
8221156,1,1,0.0,,,0.0,0.0
1356295,0,1,0.0,,,0.0,0.0
9044125,1,1,0.0,,,0.0,0.0
5048745,1,0,0.0,,,0.0,0.0
8994289,1,0,0.0,0.25,0.0967741935483871,0.0,0.0
2029102,1,1,0.0,,,0.0,0.0
6000218,0,0,0.0,,,0.0,0.0
7273814,1,1,0.0,,,0.0,0.0
7278062,1,0,0.0,,,0.0,0.02325581395348837
7951663,1,1,0.5,1.0,0.8214285714285714,0.0,0.25
8966652,0,1,0.0,0.5,0.125,0.0,0.0
1136407,1,1,0.0,0.3333333333333333,0.2,0.0,0.0
8886544,1,1,0.0,,,0.0,0.0
4567554,0,1,0.0,0.25,0.21052631578947367,0.0,0.0
1780670,0,0,0.0,0.25,0.15384615384615385,0.0,0.0
7281322,1,1,1.0,,,0.0,0.07692307692307693
5766433,1,0,0.0,,,0.0,0.0
4056303,1,1,0.0,0.0,0.08,0.0,0.0
7817847,1,1,0.0,0.3333333333333333,0.14705882352941174,0.0,0.0
2733859,1,1,0.0,,,0.0,0.0
6257400,1,0,0.0,,,0.0,0.0
6261692,1,0,0.0,,,0.0,0.0
8349252,1,1,0.0,,,0.0,0.0
6253802,1,0,0.0,,,0.0,0.0
2111635,0,0,0.0,,,0.0,0.019230769230769232
8974563,1,1,1.0,0.25,0.1,0.0,0.2127659574468085
7273435,1,1,0.0,,,0.0,0.0
2052865,1,1,0.0,,,0.0,0.0
1971513,1,1,0.0,0.4,0.3714285714285713,0.0,0.0
6072470,1,0,0.0,,,0.0,0.0
6265282,0,0,0.0,,,0.0,0.0
2099098,1,1,0.0,,,0.0,0.0
6178123,0,0,0.0,0.4,0.5,0.0,0.0
2099558,0,1,0.0,,,0.0,0.0
5681885,1,0,0.0,,,0.0,0.0
8342714,1,0,0.0,,,0.0,0.0
1788585,1,0,0.0,0.25,0.15384615384615385,0.0,0.0
1723038,0,0,0.0,0.0,0.030303030303030307,0.0,0.015384615384615384
7281311,1,1,0.0,,,0.0,0.0
7122401,1,1,0.0,0.2,0.17142857142857146,0.0,0.0
1851569,1,0,0.0,0.4,0.25,0.0,0.0
5681865,1,0,0.0,,,0.0,0.03571428571428571
4889908,0,0,1.0,0.2,0.21428571428571427,0.0,0.1129032258064516
4889814,1,0,0.0,0.0,0.0,0.0,0.03448275862068965
7281377,1,1,1.0,,,0.0,0.07692307692307693
6069093,0,1,0.0,0.0,0.020408163265306117,0.0,0.0
8986375,1,0,0.0,0.5,0.2,0.0,0.0
2103804,1,0,0.0,1.0,0.7619047619047619,0.0,0.0
7467803,0,0,0.0,0.25,0.1,0.0,0.0
8846926,1,1,0.0,0.2,0.4324324324324325,0.0,0.0
2103777,1,0,0.0,0.25,0.206896551724138,0.0,0.0
6064554,1,0,0.0,,,0.0,0.0
2099480,0,1,0.0,0.5,0.35714285714285715,0.0,0.0
2294298,1,0,0.0,0.2,0.14705882352941174,0.0,0.0
2358692,0,1,0.0,0.2857142857142857,0.3103448275862069,0.0,0.0
4429403,1,0,0.0,0.125,0.1388888888888889,0.0,0.0
4889511,1,0,0.0,,,0.0,0.0
2103732,1,0,0.0,0.5,0.35714285714285715,0.0,0.0
1840302,1,1,0.0,0.3333333333333333,0.2325581395348837,0.0,0.0
1376137,0,0,0.0,,,0.0,0.0
5685738,1,1,0.0,,,0.0,0.0
7281726,1,1,0.0,,,0.0,0.02325581395348837
4889944,1,0,0.0,0.3333333333333333,0.2083333333333333,0.0,0.0196078431372549
3897371,0,1,0.0,0.4,0.3207547169811321,0.0,0.0
9097110,1,0,0.0,0.2,0.13333333333333333,0.0,0.0
2099512,1,1,0.0,,,0.0,0.0
6261706,0,0,0.0,,,0.0,0.0
7273465,1,1,0.0,0.0,0.14583333333333334,0.0,0.0
5481491,0,1,0.0,,,0.0,0.0
5665040,1,0,0.0,,,0.0,0.0
3012210,0,1,0.0,1.0,0.8076923076923077,0.0,0.0
8216648,1,0,0.0,,,0.0,0.0
8982484,1,1,0.0,,,0.0,0.0
6186030,1,0,0.0,0.4,0.5,0.0,0.0
2111744,1,0,0.0,,,0.0,0.014705882352941175
7273426,1,1,0.0,0.0,0.022727272727272728,0.0,0.0
7692914,0,1,0.0,,,0.0,0.0
2103793,1,0,0.0,,,0.0,0.0
2111343,0,0,0.0,,,0.0,0.0
6249037,1,0,0.0,0.25,0.1724137931034483,0.0,0.0
8998314,1,1,0.0,,,0.0,0.0
5701602,1,1,0.0,,,0.0,0.0
6064555,1,0,0.0,,,0.0,0.0
3736390,1,1,0.0,0.0,0.0,0.0,0.0
9044123,1,1,0.0,0.3333333333333333,0.1851851851851852,0.0,0.0
8857590,1,0,0.0,0.0,0.02631578947368421,0.0,0.0
2033120,1,0,0.0,0.0,0.0,0.0,0.0
1287204,1,0,0.0,0.3333333333333333,0.13043478260869565,0.0,0.0
2121853,1,1,0.0,,,0.0,0.0
5713525,0,1,0.0,,,0.0,0.02127659574468085
7689717,0,0,0.0,,,0.0,0.0
2103587,1,0,0.0,,,0.0,0.0
1374321,0,0,0.0,,,0.0,0.0
1191525,0,1,0.0,0.0,0.12307692307692307,0.0,0.0
5693652,1,1,0.0,,,0.0,0.0
7689635,1,0,0.0,0.2857142857142857,0.206896551724138,0.0,0.0
8152180,1,1,0.0,0.3333333333333333,0.24444444444444444,0.0,0.0
2728964,1,0,0.0,,,0.0,0.0
4464235,1,1,0.0,0.4,0.2826086956521739,0.0,0.0
3897372,1,1,0.0,0.25,0.2903225806451613,0.0,0.0
1848218,1,1,0.0,,,0.0,0.0
2103517,1,0,0.0,0.25,0.07142857142857142,0.0,0.0
5546887,1,0,0.0,,,0.0,0.0
7273455,1,1,0.0,0.0,0.0,0.0,0.0
6178111,1,0,0.0,0.2,0.1836734693877551,0.0,0.015873015873015872
7267504,1,0,0.0,,,0.0,0.0
7273471,1,1,0.0,,,0.0,0.0
2103429,1,0,0.0,,,0.0,0.0
2728956,1,0,0.0,,,0.0,0.0
7270085,1,0,0.0,,,0.0,0.0
6165977,0,0,0.0,0.4,0.24489795918367346,0.0,0.0
7281360,1,1,1.0,0.0,0.0,0.0,0.4418604651162791
8208733,1,0,0.0,,,0.0,0.0
7140275,1,0,0.0,,,0.0,0.0
5701568,1,1,0.0,,,0.0,0.0
7693305,0,1,0.0,,,0.0,0.0
8650505,1,1,0.0,,,0.0,0.0
3407728,1,1,0.0,0.3333333333333333,0.3414634146341464,0.0,0.0
6186033,1,0,0.0,0.5,0.5217391304347826,0.0,0.0
6455682,1,1,0.0,,,0.0,0.0
4414895,1,0,0.0,0.25,0.3035714285714285,0.0,0.0
4889662,1,0,1.0,0.5,0.2380952380952381,0.0,0.12280701754385966
5799598,1,1,0.0,0.3333333333333333,0.14705882352941174,0.0,0.0
4885552,0,1,1.0,0.5,0.25,0.0,0.1111111111111111
4992653,1,0,0.0,0.0,0.0,0.0,0.0
7270086,1,0,0.0,,,0.0,0.0
166554,1,1,0.0,0.0,0.0,0.0,0.0
4410653,1,1,0.0,,,0.0,0.020408163265306117
1369563,0,1,0.0,,,0.0,0.0
2103688,1,0,0.0,,,0.0,0.0
8236738,1,1,0.0,,,0.0,0.0
2107210,0,1,0.0,,,0.0,0.019230769230769232
4414611,1,0,0.0,,,0.0,0.0
6186034,1,0,0.0,,,0.0,0.0
1713541,1,1,0.0,,,0.0,0.0
2145929,1,1,1.0,0.16666666666666666,0.15384615384615385,0.0,0.3636363636363637
1369558,0,1,0.0,,,0.0,0.0
7689582,0,0,0.0,0.2,0.06666666666666668,0.0,0.0
1864390,1,1,0.0,,,0.0,0.0
6542374,1,0,0.0,0.5,0.5714285714285714,0.0,0.0
1376139,0,0,0.0,,,0.0,0.0
2111493,0,0,0.0,,,0.0,0.019230769230769232
8982481,1,1,0.0,0.5,0.15789473684210525,0.0,0.0
3103813,1,1,0.0,0.2857142857142857,0.3617021276595745,0.0,0.0
2272257,1,1,0.0,,,0.0,0.0
4414981,1,0,0.0,1.0,0.7727272727272727,0.0,0.0
1376138,0,0,0.0,,,0.0,0.0
2294299,1,0,0.0,0.16666666666666666,0.0975609756097561,0.0,0.0
109764,1,0,0.0,0.3333333333333333,0.1851851851851852,0.0,0.0
6178126,0,0,0.0,0.2,0.1914893617021277,0.0,0.017857142857142856
7693306,0,1,0.0,,,0.0,0.0
25215,1,1,0.0,0.5,0.7380952380952381,0.0,0.0
1234836,1,1,0.0,1.0,0.8076923076923077,0.0,0.0
8884317,1,0,0.0,,,0.0,0.0
7270222,1,0,0.0,,,0.0,0.0
4410499,1,1,1.0,,,0.0,0.06521739130434782
7692961,0,1,0.0,,,0.0,0.0
1848217,1,1,0.0,0.3333333333333333,0.2325581395348837,0.0,0.0
2099519,0,1,0.0,1.0,0.7619047619047619,0.0,0.0
7146978,1,1,0.0,,,0.0,0.0
4414761,1,0,0.0,,,0.0,0.019230769230769232
7281334,1,1,0.0,,,0.0,0.0
1780640,0,0,0.0,0.16666666666666666,0.13043478260869565,0.0,0.0
4410474,0,1,0.0,0.5,0.35714285714285715,0.0,0.012987012987012988
2111715,1,0,0.0,1.0,0.7619047619047619,0.0,0.014285714285714284
6186042,1,0,0.0,0.4,0.54,0.0,0.0
1785513,1,1,0.0,0.125,0.15517241379310345,0.0,0.0
4944347,1,0,0.0,0.3333333333333333,0.18181818181818185,0.0,0.0
2103426,1,0,0.0,,,0.0,0.0
6265318,0,0,0.0,,,0.0,0.0
1484680,1,1,0.0,0.5,0.3125,0.0,0.0
1840303,1,1,0.0,,,0.0,0.0
9141009,1,1,0.0,0.6666666666666666,0.5,0.0,0.0
1380025,1,1,0.0,,,0.0,0.0
2426555,1,1,0.0,,,0.0,0.022727272727272728
5836368,1,0,0.0,,,0.0,0.0
8990392,1,1,0.0,,,0.0,0.0
8958727,0,1,1.0,0.5,0.15,0.0,0.16666666666666666
4889800,1,0,0.0,,,0.0,0.027777777777777776
7281729,1,1,0.0,,,0.0,0.02325581395348837
9178974,1,1,0.0,0.2,0.07692307692307693,0.0,0.0
4414965,1,0,0.0,,,0.0,0.0
4885614,1,1,0.0,,,0.0,0.027777777777777776
2111779,0,0,0.0,0.5,0.35714285714285715,0.0,0.01492537313432836
4414610,1,0,0.0,,,0.0,0.0
4630295,1,1,0.0,0.6,0.5,0.0,0.0
2107154,0,1,0.0,0.25,0.206896551724138,0.0,0.017241379310344827
9089196,0,0,0.0,0.125,0.08955223880597014,0.0,0.0
7278005,1,0,1.0,,,0.0,0.41025641025641024
7131569,1,0,0.0,,,0.0,0.0
2103425,1,0,0.0,,,0.0,0.0
2033117,1,0,0.0,,,0.0,0.0
4414961,1,0,0.0,,,0.0,0.0
4410659,1,1,0.0,0.5,0.35714285714285715,0.0,0.029411764705882363
5689800,1,0,0.0,,,0.0,0.0
5677859,1,1,0.0,,,0.0,0.022727272727272728
6186235,1,0,0.0,0.2,0.15,0.0,0.0
4414779,1,0,0.0,0.25,0.206896551724138,0.0,0.015625
2027001,1,1,0.0,,,0.0,0.0
1864388,1,1,0.0,0.25,0.12903225806451613,0.0,0.0
4414757,1,0,0.0,0.25,0.2,0.0,0.0
4889798,1,0,0.0,,,0.0,0.03448275862068965
1788590,1,0,0.0,0.2,0.16666666666666666,0.0,0.0
237219,0,0,0.0,,,0.0,0.0
1724872,0,0,0.0,,,0.0,0.0
6657486,1,0,0.0,,,0.0,0.0
2737687,1,0,0.0,,,0.0,0.0
8862181,1,1,0.0,0.5,0.575,0.0,0.0
463647,0,1,0.0,,,0.0,0.0
5693654,1,1,0.0,,,0.0,0.0
5248706,1,1,0.0,0.0,0.2558139534883721,0.0,0.0
7140269,1,0,0.0,,,0.0,0.0
4889867,1,0,1.0,,,0.0,0.12280701754385966
2111514,1,0,0.0,0.25,0.21428571428571427,0.0,0.011904761904761904
4481773,1,1,0.0,,,0.0,0.0
8085919,1,0,0.0,,,0.0,0.0
4415055,1,0,0.0,0.25,0.2,0.0,0.0
109762,1,0,0.0,,,0.0,0.0
785109,1,1,0.0,,,0.0,0.0
5693655,1,1,0.0,,,0.0,0.0
1283297,1,1,0.0,0.3333333333333333,0.16666666666666666,0.0,0.0
7281388,1,1,0.0,,,0.0,0.0
4889876,1,0,0.0,,,0.0,0.029411764705882363
781520,1,0,0.0,,,0.0,0.0
8882428,1,0,0.0,,,0.0,0.0
789435,1,0,0.0,,,0.0,0.0
8986374,1,0,0.0,0.25,0.0967741935483871,0.0,0.0
7281363,1,1,1.0,,,0.0,0.07692307692307693
4889804,0,0,0.0,0.5,0.25,0.0,0.014084507042253518
7278024,1,0,1.0,,,0.0,0.07692307692307693
3399813,1,1,1.0,0.3333333333333333,0.3414634146341464,0.0,0.2352941176470588
4410689,1,1,0.0,1.0,0.7727272727272727,0.0,0.0
2728979,1,0,0.0,,,0.0,0.0
1125302,1,1,0.0,0.3333333333333333,0.2,0.0,0.0
2520161,0,1,0.0,0.5,0.4090909090909091,0.0,0.0
7278046,1,0,0.0,,,0.0,0.02325581395348837
2107387,1,1,0.0,0.25,0.21428571428571427,0.0,0.011764705882352941
7270181,1,0,0.0,,,0.0,0.0
7278079,1,0,1.0,,,0.0,0.41025641025641024
4889802,0,0,1.0,0.0,0.0,0.0,0.0958904109589041
2111640,1,0,0.0,0.25,0.07142857142857142,0.0,0.014285714285714284
4865227,1,0,0.0,,,0.0,0.0
9071238,1,0,0.0,,,0.0,0.0
9039465,1,0,0.0,0.3333333333333333,0.12121212121212124,0.0,0.0
7270195,1,0,0.0,1.0,0.8,0.0,0.0
5252209,0,1,0.0,0.0,0.17777777777777778,0.0,0.0
8990396,1,1,0.0,0.5,0.15789473684210525,0.0,0.0
372087,1,1,0.0,0.2222222222222222,0.22058823529411764,0.0,0.008620689655172414
4889661,1,0,1.0,,,0.0,0.14
5992303,1,0,0.0,,,0.0,0.0
3741055,1,0,0.0,,,0.0,0.0
86693,1,0,0.0,0.25,0.08571428571428573,0.0,0.0
4889817,1,0,1.0,,,0.0,0.2333333333333333
6261698,0,0,0.0,,,0.0,0.0
4988117,1,1,0.0,,,0.0,0.0
844197,0,0,0.0,,,0.0,0.0
5832384,1,1,0.0,,,0.0,0.0
8966649,0,1,1.0,0.5,0.16666666666666666,0.0,0.15873015873015872
2103422,1,0,0.0,,,0.0,0.0
4571938,0,0,0.0,0.4,0.3157894736842105,0.0,0.0
5828453,1,0,0.0,,,0.0,0.0
5044004,0,1,0.0,,,0.0,0.0
8887352,1,1,0.0,1.0,0.6875,0.0,0.0
7524060,1,0,0.0,0.3333333333333333,0.25,0.0,0.0
2103789,1,0,0.0,,,0.0,0.0
1522478,0,1,0.0,1.0,0.7619047619047619,0.0,0.0
7274993,1,0,1.0,0.0,0.0,0.0,0.4418604651162791
5992247,1,0,0.0,0.6666666666666666,0.4871794871794872,0.0,0.0
8639172,0,0,0.0,,,0.0,0.0
4889810,0,0,1.0,0.3333333333333333,0.2083333333333333,0.0,0.1111111111111111
4022228,1,0,0.0,0.3333333333333333,0.2692307692307692,0.0,0.0
7273810,1,1,0.0,,,0.0,0.0
2103719,1,0,0.0,0.0,0.0,0.0,0.0
1348380,1,1,0.0,,,0.0,0.0
2029104,1,1,0.0,,,0.0,0.0
4889825,0,0,0.0,,,0.0,0.0
4414986,1,0,0.0,,,0.0,0.0
1384055,1,0,0.0,,,0.0,0.0
8650504,1,1,0.0,,,0.0,0.0
1710701,1,1,0.0,0.0,0.0,0.0,0.0
427413,0,1,0.0,0.6666666666666666,0.6666666666666666,0.0,0.0
1723037,0,0,0.0,0.0,0.0,0.0,0.015384615384615384
7031368,0,0,0.0,0.75,0.6388888888888888,0.0,0.0
7692944,0,1,0.0,,,0.0,0.0
5661995,1,1,0.0,,,0.0,0.0
1377532,1,1,0.0,,,0.0,0.0
5701569,1,1,0.0,,,0.0,0.0
8998309,1,1,0.0,0.5,0.16666666666666666,0.0,0.0
1380028,1,1,0.0,,,0.0,0.0
2111338,0,0,0.0,,,0.0,0.0
8570199,1,1,0.0,,,0.0,0.0
2107374,0,1,0.0,0.25,0.21428571428571427,0.0,0.005681818181818182
8233244,0,0,0.0,0.0,0.0,0.0,0.0
8954715,0,0,0.0,0.5,0.2,0.0,0.0
9067953,1,1,0.0,,,0.0,0.0
6178116,1,0,0.0,0.3333333333333333,0.4137931034482759,0.0,0.015873015873015872
8970546,1,0,0.0,,,0.0,0.0
2314553,1,1,0.0,0.25,0.3461538461538461,0.0,0.0
7693304,0,1,0.0,0.25,0.19607843137254904,0.0,0.0
6269616,1,0,0.0,,,0.0,0.0
7270194,1,0,0.0,,,0.0,0.0
2029108,1,1,0.0,,,0.0,0.0
1908479,1,1,0.0,0.16666666666666666,0.1282051282051282,0.0,0.0
3800603,0,1,0.0,0.3333333333333333,0.3225806451612903,0.0,0.0
4889678,1,0,1.0,0.5,0.2380952380952381,0.0,0.109375
8884330,1,0,0.0,,,0.0,0.0
8342701,1,0,0.0,,,0.0,0.019230769230769232
2111499,0,0,0.0,,,0.0,0.019230769230769232
7692927,0,1,0.0,0.4,0.2702702702702703,0.0,0.0
1714604,1,0,0.0,,,0.0,0.038461538461538464
6249045,1,0,0.0,0.16666666666666666,0.0975609756097561,0.0,0.0
4414979,1,0,0.0,,,0.0,0.0
1718616,0,1,0.0,0.0,0.0,0.0,0.015384615384615384
3050050,1,1,0.0,0.2,0.11627906976744184,0.0,0.0
848406,1,1,0.0,0.0,0.0,0.0,0.014084507042253518
6456209,1,1,0.0,0.3333333333333333,0.1875,0.0,0.0
7144706,1,1,0.0,,,0.0,0.0
6266608,1,1,0.0,0.0,0.0,0.0,0.0
5245212,1,0,0.0,0.0,0.16666666666666666,0.0,0.0
7281370,1,1,1.0,0.0,0.0,0.0,0.4418604651162791
8958736,0,1,0.0,0.5,0.15789473684210525,0.0,0.0
2431007,1,1,0.0,0.0,0.0,0.0,0.0
5836369,1,0,0.0,,,0.0,0.0
4414607,1,0,0.0,,,0.0,0.0
4414915,1,0,0.0,0.25,0.06896551724137931,0.0,0.0
4034499,1,1,0.0,0.3333333333333333,0.2857142857142857,0.0,0.0
2294305,1,0,0.0,0.2,0.10256410256410256,0.0,0.0
5843891,1,0,0.0,,,0.0,0.0
6274048,1,1,0.0,,,0.0,0.0
1364209,0,1,0.0,,,0.0,0.0
8958731,0,1,1.0,0.25,0.1,0.0,0.15873015873015872
5788641,0,0,0.0,0.125,0.10294117647058824,0.0,0.03
7689695,0,0,0.0,,,0.0,0.0
4414958,1,0,0.0,,,0.0,0.0
8958735,0,1,1.0,0.5,0.13636363636363635,0.0,0.15873015873015872
4889809,0,0,1.0,0.5,0.2380952380952381,0.0,0.1076923076923077
2434448,1,1,0.0,,,0.0,0.0
3889457,1,1,0.0,0.25,0.2903225806451613,0.0,0.0
5062273,1,1,0.0,,,0.0,0.0
9178973,1,1,0.0,0.16666666666666666,0.06666666666666668,0.0,0.0
1199442,1,1,0.0,0.125,0.3877551020408163,0.0,0.0
1384051,1,0,0.0,,,0.0,0.0
8884329,1,0,0.0,,,0.0,0.0
4009975,1,0,0.0,0.2,0.06666666666666668,0.0,0.0
532293,0,1,0.0,0.0,0.0,0.0,0.0
7273809,1,1,0.0,0.1111111111111111,0.09090909090909093,0.0,0.0
4860826,1,1,0.0,,,0.0,0.0
9063323,1,0,0.0,,,0.0,0.0
4410639,0,1,1.0,0.25,0.206896551724138,0.0,0.01948051948051948
5251547,1,1,0.0,,,0.0,0.0
8966644,0,1,1.0,0.3333333333333333,0.125,0.0,0.10526315789473684
6479284,1,0,0.0,0.3333333333333333,0.3461538461538461,0.0,0.0
7199307,0,0,0.0,1.0,0.7727272727272727,0.0,0.0
4026584,1,1,0.0,0.3333333333333333,0.2857142857142857,0.0,0.0
5988122,1,0,0.0,,,0.0,0.0
6657509,1,0,0.0,1.0,0.7727272727272727,0.0,0.0
7270208,1,0,0.0,0.0,0.0,0.0,0.0
7273445,1,1,0.0,0.0,0.0,0.0,0.0
7281366,1,1,1.0,0.0,0.0,0.0,0.4418604651162791
4833596,1,0,0.0,0.5,0.2571428571428571,0.0,0.045454545454545456
8237595,0,1,0.0,1.0,0.7916666666666666,0.0,0.0
4414768,1,0,0.0,0.25,0.206896551724138,0.0,0.0
1377514,1,1,0.0,,,0.0,0.0
7273468,1,1,0.0,0.0,0.0,0.0,0.0
6181276,0,1,0.0,0.25,0.2,0.0,0.0
7273440,1,1,0.0,,,0.0,0.0
8974562,1,1,0.0,,,0.0,0.0
8128363,1,1,0.0,0.0,0.0,0.0,0.0
2111632,1,0,0.0,1.0,0.7619047619047619,0.0,0.014285714285714284
5685737,1,1,0.0,,,0.0,0.0
9181036,1,1,0.0,0.25,0.1,0.0,0.0
7274992,1,0,1.0,0.0,0.0,0.0,0.07692307692307693
3410979,1,0,0.0,0.2,0.2195121951219512,0.0,0.0
6856448,1,0,0.0,,,0.0,0.0
3400458,1,0,1.0,0.08333333333333333,0.1375,0.0,0.2352941176470588
8300769,1,1,0.0,,,0.0,0.0
5248705,1,1,0.0,0.0,0.2380952380952381,0.0,0.0
9071256,1,0,0.0,,,0.0,0.0
2099097,1,1,0.0,,,0.0,0.0
7689616,0,0,0.0,,,0.0,0.0
8349247,1,1,0.0,,,0.0,0.029411764705882363
7692892,0,1,0.0,0.5,0.2857142857142857,0.0,0.0
4889653,1,0,0.0,,,0.0,0.027777777777777776
4523967,1,1,0.0,,,0.0,0.0
2103583,1,0,0.0,0.5,0.35714285714285715,0.0,0.0
4889675,0,0,1.0,,,0.0,0.09210526315789473
6181281,1,1,0.0,,,0.0,0.0
4414972,1,0,0.0,0.25,0.2,0.0,0.0
5701604,1,1,0.0,,,0.0,0.0
2111700,1,0,0.0,,,0.0,0.014285714285714284
5677823,1,1,0.0,,,0.0,0.03571428571428571
2111651,0,0,0.0,,,0.0,0.0
2057981,1,1,0.0,0.6,0.6410256410256411,0.0,0.0
2264335,1,1,0.0,,,0.0,0.0
9063430,1,0,0.0,0.6666666666666666,0.2258064516129032,0.0,0.0
1722068,0,1,0.0,,,0.0,0.0
2081657,0,1,0.0,0.25,0.5,0.0,0.0
6458611,1,1,0.0,0.3333333333333333,0.2222222222222222,0.0,0.0
7593262,1,0,0.0,0.16666666666666666,0.22,0.0,0.0
4414776,1,0,0.0,0.25,0.206896551724138,0.0,0.018518518518518517
6249006,1,0,0.0,0.25,0.14285714285714285,0.0,0.0
7273451,1,1,0.0,0.0,0.0,0.0,0.0
4243988,1,1,0.0,0.0,0.14545454545454545,0.0,0.0
2103796,1,0,0.0,,,0.0,0.0
2052855,1,1,0.0,,,0.0,0.0
7692926,0,1,0.0,0.5,0.34375,0.0,0.0
8990389,1,1,0.0,0.3333333333333333,0.125,0.0,0.0
2290286,1,1,0.0,,,0.0,0.0
3294190,0,1,0.0,,,0.0,0.0
2029105,1,1,0.0,,,0.0,0.0
5244243,1,1,0.0,,,0.0,0.0
2041031,1,0,0.0,,,0.0,0.0
6466526,1,1,0.0,0.3333333333333333,0.2222222222222222,0.0,0.0
5680870,1,0,0.0,,,0.0,0.07407407407407407
4414904,0,0,0.0,0.25,0.206896551724138,0.0,0.01492537313432836
7273405,1,1,0.0,,,0.0,0.0
8425837,1,0,0.0,0.0,0.21428571428571427,0.0,0.0
2103913,1,0,0.0,0.3333333333333333,0.4444444444444444,0.0,0.0
8882720,1,0,0.0,,,0.0,0.0
4889859,1,0,0.0,,,0.0,0.016393442622950817
1227050,1,1,0.0,0.3333333333333333,0.1724137931034483,0.0,0.0
2103578,1,0,0.0,,,0.0,0.0
7271837,1,1,0.0,,,0.0,0.0
2111642,1,0,0.0,0.25,0.07142857142857142,0.0,0.01
7270175,1,0,0.0,,,0.0,0.0
7395006,1,0,0.0,,,0.0,0.0
182697,1,1,0.0,,,0.0,0.0
2107390,1,1,0.0,0.4,0.3225806451612903,0.0,0.010526315789473684
1376132,0,0,0.0,,,0.0,0.0
4638210,1,1,0.0,0.6,0.5,0.0,0.0
3179302,1,0,0.0,0.3333333333333333,0.14285714285714285,0.0,0.0
7900362,0,0,0.0,0.0,0.03571428571428571,0.0,0.0
5512830,1,1,0.0,0.25,0.3508771929824561,0.0,0.0
2013291,1,1,0.0,,,0.0,0.0
8884316,1,0,0.0,,,0.0,0.0
4892333,1,1,0.0,1.0,0.7619047619047619,0.0,0.0
4414967,1,0,0.0,,,0.0,0.01694915254237288
6186025,1,0,0.0,0.5,0.627906976744186,0.0,0.0
2099295,1,1,0.0,,,0.0,0.0
4410654,0,1,0.0,,,0.0,0.018867924528301886
9092238,1,1,0.0,1.0,0.7619047619047619,0.0,0.0
2111708,0,0,0.0,,,0.0,0.02
1369616,0,1,0.0,,,0.0,0.0
8974557,1,1,1.0,0.5,0.15,0.0,0.25
4414605,1,0,0.0,,,0.0,0.0
5705610,1,0,0.0,,,0.0,0.0
3700814,1,1,0.0,,,0.0,0.0
9079163,1,0,0.0,,,0.0,0.0
7273407,1,1,0.0,,,0.0,0.0
2103790,1,0,0.0,0.25,0.206896551724138,0.0,0.0
687506,0,1,0.0,0.2,0.15789473684210525,0.0,0.009433962264150943
2103778,1,0,0.0,,,0.0,0.0
193930,1,1,0.0,,,0.0,0.0
5030595,0,1,0.0,0.3333333333333333,0.1851851851851852,0.0,0.0
6000162,0,0,0.0,0.6666666666666666,0.4871794871794872,0.0,0.0
3736393,1,1,0.0,,,0.0,0.0
839608,1,1,0.0,,,0.0,0.0
2099509,1,1,0.0,0.5,0.35714285714285715,0.0,0.0
1369592,0,1,0.0,,,0.0,0.0
4414774,1,0,0.0,0.25,0.206896551724138,0.0,0.015625
2111633,0,0,0.0,,,0.0,0.0
5697694,1,0,0.0,,,0.0,0.0
4410691,0,1,0.0,,,0.0,0.014705882352941175
2350778,1,1,0.0,0.16666666666666666,0.12727272727272726,0.0,0.0
1777598,0,1,0.0,0.125,0.15517241379310345,0.0,0.0
4236073,1,1,0.0,0.0,0.14545454545454545,0.0,0.0
2737685,1,0,0.0,,,0.0,0.0
8117278,1,0,0.0,0.0,0.0,0.0,0.0
2928433,1,0,0.0,0.4,0.3055555555555556,0.0,0.0
2107425,1,1,0.0,,,0.0,0.014285714285714284
4889654,1,0,1.0,,,0.0,0.14
8349246,1,1,0.0,,,0.0,0.029411764705882363
8974564,1,1,1.0,0.5,0.16666666666666666,0.0,0.2325581395348837
9133833,1,1,0.0,1.0,0.8275862068965517,0.0,0.15625
2103792,1,0,0.0,0.25,0.206896551724138,0.0,0.0
4057010,1,1,0.0,0.3333333333333333,0.10714285714285714,0.0,0.0
4889909,1,0,0.0,,,0.0,0.019230769230769232
5619393,1,0,0.0,,,0.0,0.0
2099472,0,1,0.0,0.25,0.21428571428571427,0.0,0.0
6730158,1,0,0.0,1.0,0.8214285714285714,0.0,0.0
409481,0,0,1.0,0.5,0.3055555555555556,0.0,0.03888888888888889
2103722,0,0,0.0,0.2,0.1176470588235294,0.0,0.0
2126490,1,0,0.0,0.3333333333333333,0.2727272727272727,0.0,0.0
2044948,1,1,0.0,,,0.0,0.0
5709483,0,0,0.0,,,0.0,0.02127659574468085
109767,1,0,0.0,0.3333333333333333,0.1176470588235294,0.0,0.0
6241119,1,0,0.0,0.0,0.08888888888888889,0.0,0.0
7270134,1,0,0.0,0.125,0.06896551724137931,0.0,0.0
3061008,1,0,0.0,0.3333333333333333,0.1724137931034483,0.0,0.0
8125675,1,1,0.0,1.0,0.5833333333333334,0.0,0.0
191499,1,1,0.0,,,0.0,0.0
8887036,1,1,0.0,,,0.0,0.0
5048744,1,0,0.0,,,0.0,0.0
685608,0,1,0.0,0.125,0.09859154929577464,0.0,0.0
6657534,1,0,0.0,0.3333333333333333,0.26666666666666666,0.0,0.0
8884320,1,0,0.0,,,0.0,0.0
7273466,1,1,0.0,,,0.0,0.0
9181035,1,1,0.0,0.2,0.07317073170731707,0.0,0.0
4889872,1,0,0.0,0.5,0.2380952380952381,0.0,0.018518518518518517
6258218,1,1,0.0,,,0.0,0.0
8429089,1,1,0.0,0.5,0.5277777777777778,0.0,0.0
7273402,1,1,0.0,0.0,0.0,0.0,0.0
8379870,1,1,0.5,0.6,0.5,0.0,0.035398230088495575
2111340,0,0,0.0,,,0.0,0.0
6261711,0,0,0.0,0.0,0.0,0.0,0.0
3407727,1,1,0.0,0.0,0.14545454545454545,0.0,0.0
6186032,1,0,0.0,0.25,0.2272727272727273,0.0,0.0
2272250,1,1,0.0,,,0.0,0.0
7281371,1,1,1.0,0.0,0.0,0.0,0.4418604651162791
5244266,1,1,0.0,0.0,0.21153846153846154,0.0,0.0
8793518,1,1,0.0,0.5,0.5862068965517241,0.0,0.0
4414699,1,0,0.0,,,0.0,0.0
5614482,1,1,0.0,,,0.0,0.0
2294304,1,0,0.0,0.2,0.11428571428571427,0.0,0.0
8998308,1,1,0.0,0.25,0.1,0.0,0.0
7692966,0,1,0.0,,,0.0,0.0
6186024,1,0,0.0,0.16666666666666666,0.15517241379310345,0.0,0.0
6178115,1,0,0.0,0.4,0.5,0.0,0.015873015873015872
5469203,1,0,0.0,0.0,0.0,0.0,0.0
9177843,1,0,0.0,0.25,0.1,0.0,0.0
7394629,0,0,0.0,,,0.0,0.0
182700,1,1,0.0,,,0.0,0.0
2294306,1,0,0.0,0.2,0.1111111111111111,0.0,0.0
1136411,1,1,0.0,0.25,0.15151515151515152,0.0,0.0
1369625,1,1,0.0,,,0.0,0.0
1377516,1,1,0.0,,,0.0,0.0
8998312,1,1,0.0,0.5,0.125,0.0,0.0
4414608,1,0,0.0,,,0.0,0.0
8876418,1,0,0.0,,,0.0,0.0
7274045,1,0,0.0,,,0.0,0.0
5252603,1,0,0.0,,,0.0,0.0
4885578,0,1,0.0,0.5,0.25,0.0,0.008849557522123894
1369599,0,1,0.0,,,0.0,0.0
3095898,1,1,0.0,0.2857142857142857,0.3617021276595745,0.0,0.0
4414606,1,0,0.0,,,0.0,0.0
2350777,0,1,0.0,0.2857142857142857,0.3103448275862069,0.0,0.0
4939924,1,1,0.0,0.16666666666666666,0.13953488372093026,0.0,0.0
4410473,1,1,0.0,0.25,0.206896551724138,0.0,0.019230769230769232
109761,1,0,0.0,0.2,0.1,0.0,0.0
6266132,1,1,0.0,,,0.0,0.0
7273479,1,1,0.0,,,0.0,0.0
2111497,1,0,0.0,0.25,0.206896551724138,0.0,0.012658227848101266
2829645,1,0,0.0,0.42857142857142855,0.54,0.0,0.0
5828454,1,0,0.0,,,0.0,0.0
4414980,1,0,0.0,0.5,0.35714285714285715,0.0,0.0
7278047,1,0,1.0,,,0.0,0.07692307692307693
4960177,0,0,0.0,0.3333333333333333,0.18181818181818185,0.0,0.0
2111660,1,0,0.0,,,0.0,0.0
2107473,1,1,0.0,,,0.0,0.010309278350515464
852739,1,0,0.0,0.25,0.12903225806451613,0.0,0.0
8982482,1,1,0.0,0.5,0.125,0.0,0.0
3989364,1,1,0.0,0.0,0.0392156862745098,0.0,0.0
8884325,1,0,0.0,,,0.0,0.0
2290285,1,1,0.0,0.2,0.10526315789473684,0.0,0.0
7145173,1,1,1.0,0.0,0.0,0.0,0.13793103448275862
8978461,1,0,0.0,,,0.0,0.0
7281379,1,1,1.0,,,0.0,0.07692307692307693
7278048,1,0,0.0,,,0.0,0.0
7692924,1,1,0.0,0.25,0.2452830188679245,0.0,0.0
2103731,1,0,0.0,,,0.0,0.0
6268494,1,1,0.0,0.0,0.0,0.0,0.0
4414900,1,0,0.0,,,0.0,0.0
5674448,1,0,0.0,,,0.0,0.0
8876406,1,0,0.0,,,0.0,0.0
6248996,1,0,0.0,0.25,0.14285714285714285,0.0,0.0
2111631,0,0,0.0,0.25,0.07142857142857142,0.0,0.015151515151515154
8125193,1,0,0.0,0.0,0.0,0.0,0.0
6261684,1,0,0.0,,,0.0,0.0
8022738,1,0,0.0,0.16666666666666666,0.0851063829787234,0.0,0.0
1817922,1,0,0.0,0.3333333333333333,0.2,0.0,0.0
7609491,1,0,0.0,0.2,0.13513513513513514,0.0,0.0
2111692,1,0,0.0,0.25,0.206896551724138,0.0,0.014285714285714284
1813499,1,1,0.0,0.16666666666666666,0.15,0.0,0.0
8884328,1,0,0.0,,,0.0,0.0
2103726,1,0,0.0,0.5,0.35714285714285715,0.0,0.0
7278686,1,0,0.0,,,0.0,0.0
463646,0,1,0.0,1.0,0.8,0.0,0.0
6189336,1,1,0.0,,,0.0,0.0
2103805,0,0,0.0,,,0.0,0.0
5673950,1,0,0.0,,,0.0,0.03571428571428571
7345470,1,0,0.0,0.16666666666666666,0.14285714285714285,0.0,0.0
7281349,1,1,0.0,0.0,0.0,0.0,0.0
8267058,1,0,0.0,0.4,0.2631578947368421,0.0,0.0
6064556,1,0,0.0,,,0.0,0.0
7281373,1,1,1.0,0.0,0.0,0.0,0.07692307692307693
6249023,1,0,0.0,0.3333333333333333,0.4230769230769231,0.0,0.0
2733857,1,1,0.0,,,0.0,0.0
2013280,1,1,0.0,,,0.0,0.0
5637542,1,1,0.0,,,0.0,0.0
7692937,1,1,0.0,0.25,0.215686274509804,0.0,0.0
1785458,1,1,0.0,0.25,0.14634146341463414,0.0,0.0
1384048,1,0,0.0,,,0.0,0.0
8349255,1,1,0.0,,,0.0,0.029411764705882363
2823558,1,0,0.0,0.3333333333333333,0.2,0.0,0.0
7270210,1,0,0.0,,,0.0,0.0
3736396,1,1,0.0,,,0.0,0.0
1369528,0,1,0.0,,,0.0,0.0
6258226,1,1,0.0,,,0.0,0.0
7689649,0,0,0.0,,,0.0,0.0
6253789,1,0,0.0,,,0.0,0.0
7689670,0,0,0.0,,,0.0,0.0
4410656,1,1,0.0,,,0.0,0.018518518518518517
8970545,1,0,0.0,0.5,0.2,0.0,0.0
2111709,1,0,0.0,,,0.0,0.011111111111111113
7345471,1,0,0.0,0.75,0.6153846153846154,0.0,0.0
2111488,0,0,0.0,,,0.0,0.019230769230769232
8387785,1,1,0.5,0.6,0.5,0.0,0.035398230088495575
7270122,1,0,0.0,,,0.0,0.0
8706313,1,1,0.0,1.0,0.7058823529411765,0.0,0.0
4885320,1,1,0.0,,,0.0,0.023809523809523808
5690278,1,0,0.0,,,0.0,0.0
4865216,1,0,0.0,,,0.0,0.0
9075914,1,1,0.0,,,0.0,0.0
7270133,1,0,0.0,,,0.0,0.0
4865205,1,0,0.0,,,0.0,0.0
2037021,1,1,0.0,,,0.0,0.0
3736394,1,1,0.0,,,0.0,0.0
2039489,1,0,0.0,,,0.0,0.0
2103423,1,0,0.0,,,0.0,0.0
4889655,1,0,0.0,,,0.0,0.027777777777777776
2111496,1,0,0.0,,,0.0,0.013888888888888888
8642587,0,1,0.0,,,0.0,0.0
9181031,1,1,0.0,0.14285714285714285,0.075,0.0,0.0
8347464,1,1,0.0,,,0.0,0.0
7144698,1,1,0.0,,,0.0,0.0
8647089,1,0,0.0,,,0.0,0.0
7686999,0,0,0.0,,,0.0,0.0
7140843,1,0,0.0,0.25,0.1851851851851852,0.0,0.0
2103785,1,0,0.0,,,0.0,0.0
2033118,1,0,0.0,,,0.0,0.0
6269599,1,0,0.0,,,0.0,0.0
2604058,1,1,0.0,0.4,0.32608695652173914,0.0,0.0
8152179,1,1,0.0,0.2857142857142857,0.19607843137254904,0.0,0.0
8237321,1,1,0.0,,,0.0,0.0
6241118,1,0,0.0,,,0.0,0.0
8884327,1,0,0.0,,,0.0,0.0
7692935,0,1,0.0,,,0.0,0.0
8128362,1,1,0.0,0.0,0.0,0.0,0.0
4889507,1,0,0.0,,,0.0,0.0
7467805,0,0,0.0,0.25,0.08571428571428573,0.0,0.017241379310344827
4889599,1,0,0.0,,,0.0,0.023809523809523808
2111718,1,0,0.0,0.5,0.35714285714285715,0.0,0.012987012987012988
6459702,1,0,0.0,0.3333333333333333,0.2916666666666667,0.0,0.0
7147059,1,1,0.0,0.25,0.1,0.0,0.0
8982474,1,1,1.0,0.3333333333333333,0.125,0.0,0.13333333333333333
1167874,1,1,0.0,0.2,0.09090909090909093,0.0,0.0
7281336,1,1,0.0,0.0,0.0,0.0,0.0
7451975,1,0,0.0,0.25,0.08571428571428573,0.0,0.0
5796555,1,0,0.0,0.2,0.15217391304347827,0.0,0.0
7689661,0,0,0.0,,,0.0,0.0
6072469,1,0,0.0,,,0.0,0.0
4381837,0,1,0.0,0.6,0.4615384615384616,0.0,0.0
8639174,0,0,0.0,,,0.0,0.0
2041030,1,0,0.0,,,0.0,0.0
5282145,0,1,0.0,0.0,0.041666666666666664,0.0,0.0
7270131,1,0,0.0,,,0.0,0.0
4414960,1,0,0.0,0.25,0.2,0.0,0.018518518518518517
5788640,1,0,0.0,0.2,0.15217391304347827,0.0,0.0
4889889,0,0,1.0,0.5,0.2380952380952381,0.0,0.09333333333333334
5697715,1,0,0.0,,,0.0,0.0
7875837,0,0,0.0,,,0.0,0.0
7270154,1,0,0.0,,,0.0,0.0
5031857,1,0,0.0,0.3333333333333333,0.14285714285714285,0.0,0.0
4577644,1,1,0.0,0.4,0.2272727272727273,0.0,0.0
2264351,1,1,0.0,0.25,0.3125,0.0,0.0
5003753,1,1,0.0,1.0,0.7368421052631579,0.0,0.0
2111719,0,0,0.0,1.0,0.7619047619047619,0.0,0.017857142857142856
777193,1,1,0.0,,,0.0,0.0
6186039,1,0,0.0,1.0,0.8648648648648649,0.0,0.0
2111694,1,0,0.0,,,0.0,0.012987012987012988
2103735,1,0,0.0,0.25,0.07142857142857142,0.0,0.0
8120446,1,1,0.0,0.0,0.027027027027027032,0.0,0.0
1348381,1,1,0.0,,,0.0,0.0
182706,1,1,0.0,0.5,0.35135135135135137,0.0,0.0
4889796,1,0,1.0,0.0,0.0,0.0,0.1590909090909091
4885375,1,1,0.0,,,0.0,0.027777777777777776
2290287,1,1,0.0,0.2,0.10526315789473684,0.0,0.0
9013978,1,1,0.0,,,0.0,0.0
7267079,1,0,0.0,,,0.0,0.0
9171058,1,1,0.0,0.16666666666666666,0.06666666666666668,0.0,0.0
2029103,1,1,0.0,,,0.0,0.0
1372110,0,1,0.0,,,0.0,0.0
7273812,1,1,0.0,0.1111111111111111,0.05970149253731344,0.0,0.0
2422144,1,1,0.0,,,0.0,0.0
5705630,1,0,0.0,,,0.0,0.0
2111336,0,0,0.0,,,0.0,0.0
4889863,1,0,1.0,0.3333333333333333,0.21739130434782608,0.0,0.14
2107012,0,1,0.0,,,0.0,0.0
4414754,1,0,0.0,,,0.0,0.019230769230769232
4889868,1,0,1.0,,,0.0,0.14
4410699,0,1,0.0,0.5,0.35714285714285715,0.0,0.01818181818181818
2103733,1,0,0.0,,,0.0,0.0
4010858,1,0,0.0,0.25,0.057142857142857134,0.0,0.0
3889456,0,1,0.0,0.4,0.3207547169811321,0.0,0.0
4616327,1,1,1.0,0.6666666666666666,0.43333333333333335,0.0,0.06976744186046513
9105025,1,0,0.0,0.2,0.13333333333333333,0.0,0.0
5709517,0,0,0.0,,,0.0,0.01818181818181818
1350593,1,0,0.0,,,0.0,0.0
6244442,1,1,0.0,0.0,0.07142857142857142,0.0,0.0
7278106,1,0,1.0,,,0.0,0.4418604651162791
1374333,0,0,0.0,,,0.0,0.0
4414897,1,0,0.0,0.5,0.35714285714285715,0.0,0.0
3994145,1,0,0.0,0.2,0.06666666666666668,0.0,0.0
8208726,1,0,0.0,,,0.0,0.0
7692929,0,1,0.0,0.2,0.07317073170731707,0.0,0.0
1353765,0,1,0.0,,,0.0,0.0
4889875,1,0,1.0,,,0.0,0.1129032258064516
6178114,1,0,0.0,0.4,0.4814814814814815,0.0,0.015873015873015872
105747,1,1,0.0,0.3333333333333333,0.12903225806451613,0.0,0.0
7689659,0,0,0.0,,,0.0,0.0
7692951,1,1,0.0,0.5,0.25,0.0,0.0
2646386,0,0,0.0,0.125,0.08955223880597014,0.0,0.0
2111511,1,0,0.0,0.25,0.21428571428571427,0.0,0.013513513513513514
8982483,1,1,0.0,0.5,0.15,0.0,0.0
9083783,1,1,0.0,,,0.0,0.0
2107010,0,1,0.0,,,0.0,0.0
4575469,1,1,0.0,0.25,0.21052631578947367,0.0,0.0
7278136,1,0,0.0,0.0,0.08771929824561403,0.0,0.0
7689629,0,0,0.0,0.125,0.18867924528301888,0.0,0.0
4885551,0,1,1.0,0.25,0.16666666666666666,0.0,0.0875
2111637,0,0,0.0,0.2,0.1176470588235294,0.0,0.010526315789473684
4889656,1,0,0.0,,,0.0,0.0
852098,0,0,0.0,0.25,0.14285714285714285,0.0,0.018518518518518517
3252912,1,0,0.0,0.2857142857142857,0.25,0.0,0.0
5253128,1,0,0.0,0.0,0.25,0.0,0.0
2107391,1,1,0.0,,,0.0,0.013513513513513514
1128496,1,1,0.0,0.25,0.15151515151515152,0.0,0.0
8345227,1,0,0.0,,,0.0,0.0
7689577,0,0,0.0,,,0.0,0.0
5489389,0,1,0.0,0.2,0.15384615384615385,0.0,0.0
3864600,0,1,0.0,0.14285714285714285,0.22448979591836726,0.0,0.0
9008826,1,0,0.0,0.0,0.0,0.0,0.0
2103427,1,0,0.0,,,0.0,0.0
777194,1,1,0.0,,,0.0,0.0
4889677,0,0,1.0,,,0.0,0.0875
8974568,1,1,0.0,0.5,0.15,0.0,0.0
7278030,1,0,0.0,0.0,0.022727272727272728,0.0,0.0
5677821,1,1,0.0,,,0.0,0.0
7813485,1,0,0.0,0.3333333333333333,0.1875,0.0,0.0
1139520,1,0,0.0,,,0.0,0.0
6181278,0,1,0.0,,,0.0,0.0
4414697,1,0,0.0,0.25,0.06896551724137931,0.0,0.0
6475850,1,0,0.0,0.3333333333333333,0.16666666666666666,0.0,0.0
7199308,1,0,0.0,,,0.0,0.0
7140282,1,0,0.0,,,0.0,0.0
9075868,1,1,0.0,,,0.0,0.0
7394820,1,0,0.0,,,0.0,0.0
6249010,1,0,0.0,0.14285714285714285,0.08163265306122447,0.0,0.0
7689703,0,0,0.0,0.2,0.07692307692307693,0.0,0.0
7273428,1,1,0.0,0.0,0.0,0.0,0.0
7689686,1,0,0.0,,,0.0,0.0
4414759,1,0,0.0,0.25,0.2,0.0,0.0
8238330,1,1,0.0,,,0.0,0.0
6189194,1,1,0.0,,,0.0,0.0
4410278,1,1,0.0,,,0.0,0.0
7281341,1,1,1.0,0.0,0.022727272727272728,0.0,0.07692307692307693
2176472,1,0,0.0,0.0,0.0,0.0,0.0
4416982,0,1,0.0,,,0.0,0.0
4889874,0,0,1.0,,,0.0,0.10294117647058824
8777688,1,1,0.0,0.5,0.5862068965517241,0.0,0.0
2041034,1,0,0.0,,,0.0,0.0
6076796,1,1,0.0,,,0.0,0.0
7273449,1,1,0.0,,,0.0,0.0
8990393,1,1,0.0,0.25,0.1,0.0,0.0
1131605,1,0,0.0,,,0.0,0.0
4410277,1,1,0.0,,,0.0,0.0
2107469,0,1,0.0,0.5,0.35714285714285715,0.0,0.01694915254237288
8014823,0,0,0.0,0.16666666666666666,0.0851063829787234,0.0,0.0
1715123,1,0,0.0,0.0,0.030303030303030307,0.0,0.0
1377507,1,1,0.0,,,0.0,0.0
6253805,1,0,0.0,,,0.0,0.0
7689663,0,0,0.0,,,0.0,0.0
8884332,1,0,0.0,,,0.0,0.0
1376131,0,0,0.0,,,0.0,0.0
1382248,1,0,0.0,,,0.0,0.0
2099554,1,1,0.0,0.5,0.35714285714285715,0.0,0.0
7394480,1,0,0.0,,,0.0,0.0
7273454,1,1,0.0,,,0.0,0.0
2065896,0,1,0.0,0.6,0.6410256410256411,0.0,0.0
2111790,0,0,0.0,0.25,0.206896551724138,0.0,0.0
7553756,0,0,0.0,0.25,0.2,0.0,0.0
7946647,1,1,0.0,,,0.0,0.08771929824561403
8232038,0,0,0.0,,,0.0,0.0
6252344,1,1,0.0,0.25,0.14285714285714285,0.0,0.0
1532106,0,1,0.0,0.13333333333333333,0.13131313131313133,0.0,0.0
8974567,1,1,0.0,0.5,0.125,0.0,0.0
2103597,0,0,0.0,,,0.0,0.0
105744,1,1,0.0,0.5,0.5517241379310345,0.0,0.0
2820515,1,1,0.0,0.2,0.13636363636363635,0.0,0.0
4414973,1,0,0.0,,,0.0,0.0
6004848,0,1,0.0,,,0.0,0.0
3614077,0,1,0.0,0.1111111111111111,0.09230769230769233,0.0,0.0
174469,1,1,0.0,0.0,0.0,0.0,0.0
5661994,1,1,0.0,,,0.0,0.023809523809523808
8639173,0,0,0.0,,,0.0,0.0
8642589,0,1,0.0,,,0.0,0.0
5836370,1,0,0.0,,,0.0,0.0
2422139,1,1,0.0,,,0.0,0.0
5843892,1,0,0.0,,,0.0,0.0
2099240,1,1,0.0,,,0.0,0.0
2103736,1,0,0.0,,,0.0,0.0
2103824,1,0,0.0,,,0.0,0.0
8974561,1,1,1.0,0.25,0.1,0.0,0.2325581395348837
4885176,1,1,0.0,,,0.0,0.0
8982472,1,1,1.0,0.5,0.15,0.0,0.25
4988114,1,1,0.0,,,0.0,0.0
1165021,1,1,0.0,,,0.0,0.0
9006062,1,1,0.0,,,0.0,0.0
7278138,1,0,0.0,,,0.0,0.0
1366423,0,0,0.0,,,0.0,0.0
2430061,1,1,0.0,,,0.0,0.022727272727272728
2103729,0,0,0.0,0.25,0.206896551724138,0.0,0.0
2103721,1,0,0.0,,,0.0,0.0
2099534,1,1,0.0,,,0.0,0.0
5113138,1,1,0.0,0.42857142857142855,0.4807692307692308,0.0,0.02325581395348837
2041033,1,0,0.0,,,0.0,0.0
7278053,1,0,0.0,0.125,0.08196721311475409,0.0,0.0
4414966,0,0,0.0,,,0.0,0.012987012987012988
8879968,1,1,0.0,,,0.0,0.0
7692957,0,1,0.0,,,0.0,0.0
7689626,0,0,0.0,,,0.0,0.0
6898617,0,0,0.0,0.3333333333333333,0.2571428571428571,0.0,0.0
1777540,0,1,0.0,0.0,0.12962962962962962,0.0,0.0
7692940,1,1,0.0,0.2857142857142857,0.17543859649122806,0.0,0.0
7689638,1,0,0.0,0.2,0.06666666666666668,0.0,0.0
2005376,0,1,0.0,,,0.0,0.0
7692965,1,1,0.0,0.5,0.3142857142857143,0.0,0.0
5669941,1,1,0.0,,,0.0,0.0
2422146,1,1,0.0,,,0.0,0.022727272727272728
1023881,1,1,0.0,0.25,0.3050847457627119,0.0,0.0
8882774,1,0,0.0,0.3333333333333333,0.2,0.0,0.0
5054360,1,1,0.0,,,0.0,0.0
8943509,1,1,0.0,1.0,0.75,0.0,0.0
1468856,1,1,0.0,,,0.0,0.0
7012752,0,0,0.0,0.125,0.4489795918367347,0.0,0.0
7692952,0,1,0.0,0.5,0.2777777777777778,0.0,0.0
5703952,1,0,0.0,0.6666666666666666,0.3235294117647059,0.0,0.0
3628262,1,1,0.0,0.2857142857142857,0.35185185185185186,0.0,0.0
8982478,1,1,1.0,0.25,0.1,0.0,0.2127659574468085
2103828,0,0,0.0,0.6,0.6538461538461539,0.0,0.0
9006061,1,1,0.0,,,0.0,0.0
5461288,1,0,0.0,0.0,0.0,0.0,0.0
6241628,1,0,0.0,,,0.0,0.0
6443998,1,0,0.0,0.6,0.5576923076923077,0.0,0.0
8990387,1,1,0.0,0.5,0.15,0.0,0.0
2029107,1,1,0.0,,,0.0,0.0
8236739,1,1,0.0,,,0.0,0.0
4889873,1,0,0.0,,,0.0,0.029411764705882363
6262278,1,0,0.0,0.0,0.0,0.0,0.0
7278050,1,0,0.0,,,0.0,0.0
2111693,1,0,0.0,,,0.0,0.014285714285714284
8421174,0,1,0.0,0.5,0.5277777777777778,0.0,0.0
4414756,1,0,0.0,,,0.0,0.0
1356296,0,1,0.0,,,0.0,0.0
8347462,1,1,0.0,,,0.0,0.029411764705882363
8879969,1,1,0.0,,,0.0,0.0
8120447,1,1,0.0,0.0,0.0,0.0,0.0
7281344,1,1,1.0,0.0,0.015625,0.0,0.4418604651162791
2729772,1,0,0.0,,,0.0,0.0
8998311,1,1,0.0,0.5,0.15789473684210525,0.0,0.0
6480212,1,1,0.0,0.3333333333333333,0.16129032258064516,0.0,0.0
7273396,1,1,0.0,,,0.0,0.0
4885560,0,1,1.0,0.3333333333333333,0.2083333333333333,0.0,0.07291666666666667
4889904,1,0,0.0,,,0.0,0.0
8160095,1,1,0.0,0.3333333333333333,0.24444444444444444,0.0,0.0
4414916,1,0,0.0,,,0.0,0.0
7692901,0,1,0.0,0.2857142857142857,0.18181818181818185,0.0,0.0
2111646,1,0,0.0,,,0.0,0.015384615384615384
8974566,1,1,0.0,0.5,0.15789473684210525,0.0,0.0
1722104,0,1,0.0,0.0,0.0,0.0,0.0
7689625,0,0,0.0,,,0.0,0.0
1854893,1,0,0.0,0.2,0.2380952380952381,0.0,0.0
8884334,1,0,0.0,,,0.0,0.0
2111647,1,0,0.0,0.5,0.35714285714285715,0.0,0.012658227848101266
8876409,1,0,0.0,,,0.0,0.0
4414775,0,0,0.0,,,0.0,0.01282051282051282
1831087,1,1,0.0,0.25,0.5833333333333334,0.0,0.0
8874452,1,0,0.0,,,0.0,0.0
1979320,0,1,0.0,,,0.0,0.0
6621928,1,1,0.0,,,0.0,0.0
6624478,1,1,0.0,0.3333333333333333,0.2692307692307692,0.0,0.0
6253796,1,0,0.0,0.0,0.0,0.0,0.0
2208049,1,0,0.0,0.3333333333333333,0.17857142857142858,0.0,0.0
6270193,1,0,0.0,0.0,0.0,0.0,0.0
7281395,1,1,1.0,0.0,0.0,0.0,0.07692307692307693
2107424,1,1,0.0,0.5,0.35714285714285715,0.0,0.014285714285714284
6178110,0,0,0.0,0.5,0.627906976744186,0.0,0.0
1358490,0,0,0.0,,,0.0,0.0
8958737,0,1,0.0,0.5,0.125,0.0,0.0
5062275,1,1,0.0,,,0.0,0.0
1372112,0,1,0.0,,,0.0,0.0
1167894,1,1,0.0,,,0.0,0.0
5685739,1,1,0.0,,,0.0,0.0
2013287,1,1,0.0,,,0.0,0.0
2111337,0,0,0.0,,,0.0,0.0
8120444,1,1,0.0,0.0,0.03571428571428571,0.0,0.0
6617125,1,0,0.0,,,0.0,0.0
1805584,1,1,1.0,0.16666666666666666,0.15,0.0,0.3636363636363637
6261720,0,0,0.0,,,0.0,0.0
1372113,0,1,0.0,,,0.0,0.0
7817848,1,1,0.0,0.3333333333333333,0.14705882352941174,0.0,0.0
1171060,1,0,0.0,,,0.0,0.0
7985964,1,1,0.0,0.5,0.5,0.0,0.0
109768,1,0,0.0,0.3333333333333333,0.13333333333333333,0.0,0.0
4415094,1,0,0.0,0.5,0.35714285714285715,0.0,0.0
6213005,1,1,0.0,0.14285714285714285,0.09803921568627452,0.0,0.0
8876417,1,0,0.0,,,0.0,0.0
9040431,0,0,0.0,0.0,0.0,0.0,0.0
109760,1,0,0.0,0.3333333333333333,0.12903225806451613,0.0,0.0
1714189,1,1,0.0,0.0,0.0,0.0,0.0
4889803,0,0,1.0,0.5,0.2380952380952381,0.0,0.1320754716981132
6233369,0,0,0.0,,,0.0,0.0
8806402,0,1,0.0,1.0,0.8275862068965517,0.0,0.0
9169927,1,0,0.0,0.25,0.09090909090909093,0.0,0.0
7278090,1,0,1.0,,,0.0,0.41025641025641024
1361680,0,1,0.0,,,0.0,0.0
3034630,1,1,0.0,1.0,0.8333333333333334,0.0,0.0
1377473,1,1,0.0,,,0.0,0.0
8982475,1,1,1.0,0.5,0.14285714285714285,0.0,0.2325581395348837
5661990,1,1,0.0,,,0.0,0.0
6178119,1,0,0.0,,,0.0,0.015873015873015872
3174879,1,1,0.0,0.16666666666666666,0.1111111111111111,0.0,0.0
7270087,1,0,0.0,0.0,0.0,0.0,0.0
8642588,0,1,0.0,,,0.0,0.0
8876413,1,0,0.0,,,0.0,0.0
463645,0,1,0.0,0.5,0.3666666666666665,0.0,0.0
1202694,1,0,0.0,0.2,0.25,0.0,0.0
8876412,1,0,0.0,,,0.0,0.0
2912603,1,0,0.0,0.4,0.3055555555555556,0.0,0.0
4410715,1,1,0.0,1.0,0.7727272727272727,0.0,0.0
4889643,1,0,1.0,0.0,0.0,0.0,0.1346153846153846
5693689,1,1,0.0,,,0.0,0.0
2111717,1,0,0.0,,,0.0,0.013888888888888888
4889501,1,0,0.0,,,0.0,0.0
7278032,1,0,0.0,,,0.0,0.0
2103787,1,0,0.0,,,0.0,0.0
1780646,0,0,0.0,0.25,0.15,0.0,0.0
4885319,1,1,0.0,0.5,0.2380952380952381,0.0,0.023809523809523808
2111739,0,0,0.0,,,0.0,0.0
7281364,1,1,0.0,,,0.0,0.0
3057965,1,1,0.0,0.2,0.11627906976744184,0.0,0.0
2845475,1,1,0.0,0.42857142857142855,0.54,0.0,0.0
7693307,0,1,0.0,0.1111111111111111,0.18032786885245905,0.0,0.0
4889865,1,0,0.0,,,0.0,0.018518518518518517
7273480,1,1,0.0,0.0,0.0,0.0,0.0
2103798,0,0,0.0,0.5,0.35714285714285715,0.0,0.0
1275503,1,1,0.0,0.14285714285714285,0.25396825396825395,0.0,0.0
5701601,1,1,0.0,,,0.0,0.0
5709485,0,0,0.0,,,0.0,0.0
4885554,0,1,1.0,,,0.0,0.13725490196078433
8982476,1,1,1.0,0.25,0.1,0.0,0.2325581395348837
2107412,1,1,0.0,0.25,0.206896551724138,0.0,0.01098901098901099
781521,1,0,0.0,,,0.0,0.0
2099239,1,1,0.0,0.25,0.206896551724138,0.0,0.0
1358508,0,0,0.0,,,0.0,0.0
1722119,1,1,0.0,0.0,0.0,0.0,0.0
6463597,1,1,0.0,,,0.0,0.0
3741056,1,0,0.0,,,0.0,0.0
7692943,0,1,0.0,,,0.0,0.0
7281357,1,1,1.0,0.0,0.0,0.0,0.4418604651162791
8578339,1,1,0.0,,,0.0,0.0
5245213,1,0,0.0,0.0,0.25,0.0,0.0
6657422,1,0,0.0,,,0.0,0.0
6471369,1,0,0.0,0.3333333333333333,0.3461538461538461,0.0,0.0
1797669,1,1,1.0,0.16666666666666666,0.15,0.0,0.3636363636363637
6178319,1,0,0.0,0.25,0.17647058823529413,0.0,0.01282051282051282
4414970,1,0,0.0,0.25,0.2,0.0,0.0
4414985,0,0,0.0,,,0.0,0.012987012987012988
5796556,0,0,0.0,0.125,0.10294117647058824,0.0,0.03
2111650,0,0,0.0,0.25,0.07142857142857142,0.0,0.0
7270090,1,0,0.0,,,0.0,0.0
5685735,1,1,0.0,,,0.0,0.0
2099473,1,1,0.0,,,0.0,0.0
8962630,0,0,0.0,0.5,0.2,0.0,0.0
8990397,1,1,0.0,0.5,0.125,0.0,0.0
7281312,1,1,1.0,0.0,0.0,0.0,0.07692307692307693
4414767,1,0,0.0,,,0.0,0.0
8349254,1,1,0.0,,,0.0,0.029411764705882363
7938726,1,1,0.0,0.16666666666666666,0.08695652173913042,0.0,0.0
4490692,1,1,0.0,0.1111111111111111,0.04,0.0,0.0
2037019,1,1,0.0,,,0.0,0.0
5677824,1,1,0.0,,,0.0,0.0
5036746,1,1,0.0,1.0,0.7619047619047619,0.0,0.0
234110,0,1,0.0,1.0,0.7619047619047619,0.0,0.0
6260498,1,1,0.0,,,0.0,0.0
4410658,0,1,0.0,0.16666666666666666,0.2777777777777778,0.0,0.015384615384615384
9148924,1,1,0.0,0.6666666666666666,0.5,0.0,0.0
2103574,1,0,0.0,,,0.0,0.0
5054357,1,1,0.0,,,0.0,0.0
5662027,1,1,0.0,,,0.0,0.0
5669909,1,1,0.0,,,0.0,0.0
7692959,0,1,0.0,,,0.0,0.0
7273397,1,1,0.0,0.0,0.0,0.0,0.0
8418568,0,1,0.0,0.08333333333333333,0.11627906976744184,0.0,0.0
2456836,1,1,0.0,0.0,0.4827586206896552,0.0,0.0
2103809,0,0,0.0,0.25,0.206896551724138,0.0,0.0
4889805,1,0,0.0,0.0,0.0,0.0,0.018518518518518517
2044940,1,1,0.0,,,0.0,0.0
7278055,1,0,1.0,0.0,0.0,0.0,0.4418604651162791
6241124,1,0,0.0,,,0.0,0.0
8876410,1,0,0.0,,,0.0,0.0
1721456,0,1,0.0,,,0.0,0.0
7275419,1,0,0.0,,,0.0,0.0
4414777,0,0,0.0,,,0.0,0.012195121951219513
8235396,1,0,0.0,,,0.0,0.0
6621250,1,0,0.0,0.3333333333333333,0.16666666666666666,0.0,0.0
5247047,1,0,0.0,,,0.0,0.0
6072471,1,0,0.0,,,0.0,0.0
7131571,1,0,0.0,,,0.0,0.0
2111489,1,0,0.0,,,0.0,0.013888888888888888
8650502,1,1,0.0,,,0.0,0.0
2111696,0,0,0.0,,,0.0,0.019230769230769232
4414758,1,0,0.0,,,0.0,0.0
7278037,1,0,0.0,,,0.0,0.0
6738073,1,0,0.0,1.0,0.8214285714285714,0.0,0.0
2089572,0,1,0.0,0.25,0.5,0.0,0.0
2107394,0,1,0.0,1.0,0.7619047619047619,0.0,0.018518518518518517
3399810,1,1,1.0,0.0,0.13333333333333333,0.0,0.2352941176470588
8128360,1,1,0.0,0.0,0.21621621621621626,0.0,0.0
7281380,1,1,0.0,0.0,0.14583333333333334,0.0,0.0
8006908,0,0,0.0,0.16666666666666666,0.0851063829787234,0.0,0.0
7143883,1,0,0.0,,,0.0,0.028571428571428567
1563828,0,1,1.0,,,0.0,0.08108108108108109
8974560,1,1,1.0,0.5,0.14285714285714285,0.0,0.2325581395348837
2111722,0,0,0.0,,,0.0,0.01694915254237288
4040473,0,1,0.0,0.0,0.08,0.0,0.0
4414987,1,0,0.0,,,0.0,0.0
6274047,1,1,0.0,,,0.0,0.0
5666055,1,0,0.0,,,0.0,0.023809523809523808
2037022,1,1,0.0,,,0.0,0.0
8862190,1,1,0.0,0.0,0.0,0.0,0.0
6178120,0,0,0.0,0.125,0.13157894736842105,0.0,0.017857142857142856
3736399,1,1,0.0,,,0.0,0.0
109757,1,0,0.0,0.3333333333333333,0.13333333333333333,0.0,0.0
9108068,1,1,0.0,1.0,0.7619047619047619,0.0,0.0
7281347,1,1,1.0,0.0,0.0,0.0,0.07692307692307693
6241120,1,0,0.0,0.0,0.075,0.0,0.0
5054358,1,1,0.0,,,0.0,0.0
8998313,1,1,0.0,0.5,0.15,0.0,0.0
1698505,0,1,0.0,,,0.0,0.0
7685625,0,0,0.0,,,0.0,0.0
3628261,0,1,0.0,0.5,0.3695652173913043,0.0,0.019230769230769232
1384050,1,0,0.0,0.0,0.0,0.0,0.0
4889811,1,0,0.0,,,0.0,0.041666666666666664
3621992,1,1,0.0,0.1111111111111111,0.09230769230769233,0.0,0.0
7270221,1,0,0.0,0.0,0.08771929824561403,0.0,0.0
1031796,0,1,0.0,0.25,0.3050847457627119,0.0,0.0
7273811,1,1,0.0,,,0.0,0.0
8966645,0,1,1.0,0.5,0.14285714285714285,0.0,0.15873015873015872
5477118,1,0,0.0,0.0,0.0,0.0,0.0
7278001,1,0,0.0,,,0.0,0.15384615384615385
8006907,0,0,0.0,0.16666666666666666,0.13333333333333333,0.0,0.0
6181282,0,1,0.0,0.25,0.1956521739130435,0.0,0.0
1714598,1,0,0.0,,,0.0,0.0
75600,1,1,0.0,,,0.0,0.0
2099470,0,1,0.0,0.5,0.35714285714285715,0.0,0.0
4410419,1,1,0.0,0.25,0.2,0.0,0.0
8974565,1,1,1.0,0.5,0.13636363636363635,0.0,0.2325581395348837
4414743,1,0,0.0,0.25,0.06896551724137931,0.0,0.018518518518518517
7278092,1,0,0.0,,,0.0,0.0
2111501,0,0,0.0,0.5,0.35714285714285715,0.0,0.01694915254237288
2103788,1,0,0.0,,,0.0,0.0
8349253,1,1,0.0,,,0.0,0.0
7689707,0,0,0.0,,,0.0,0.0
2111720,1,0,0.0,,,0.0,0.010309278350515464
1366405,0,0,0.0,,,0.0,0.0
2111339,0,0,0.0,,,0.0,0.0
8897648,1,0,0.0,0.16666666666666666,0.125,0.0,0.0
7273470,1,1,0.0,0.0,0.0,0.0,0.0
8548164,1,1,0.0,0.6,0.6,0.0,0.0
4414902,0,0,0.0,0.2,0.08333333333333333,0.0,0.013333333333333334
7281382,1,1,0.0,0.0,0.0,0.0,0.0
6189196,1,1,0.0,,,0.0,0.0
2422964,1,1,0.0,,,0.0,0.0
8342659,1,0,0.0,,,0.0,0.0
8002763,1,0,0.0,0.3333333333333333,0.125,0.0,0.0
4889674,1,0,1.0,0.5,0.25,0.0,0.1129032258064516
5737347,1,1,0.0,0.14285714285714285,0.12244897959183673,0.0,0.0
2107234,0,1,0.0,,,0.0,0.0
4489688,1,1,0.0,,,0.0,0.0
2204943,1,1,0.0,,,0.0,0.0
4889955,1,0,0.0,0.5,0.2380952380952381,0.0,0.0
5709516,0,0,0.0,,,0.0,0.03333333333333333
7140276,1,0,0.0,0.0,0.0,0.0,0.0
5044003,1,1,0.0,,,0.0,0.0
4865605,1,0,0.0,,,0.0,0.0
7270115,1,0,0.0,0.0,0.022727272727272728,0.0,0.0
4415044,1,0,0.0,1.0,0.7727272727272727,0.0,0.0
4889813,1,0,0.0,,,0.0,0.03448275862068965
2103563,1,0,0.0,0.25,0.07142857142857142,0.0,0.0
4414907,1,0,0.0,0.25,0.06896551724137931,0.0,0.0125
2107395,1,1,0.0,0.5,0.35714285714285715,0.0,0.00847457627118644
7836983,1,0,0.0,0.2857142857142857,0.3333333333333333,0.0,0.0
1535239,0,0,0.0,0.25,0.19642857142857145,0.0,0.0
744603,1,1,0.0,0.0,0.0,0.0,0.013157894736842105
1081256,1,1,0.0,0.6,0.696969696969697,0.0,0.0
1484682,1,1,0.0,,,0.0,0.0
1710700,1,1,0.0,0.0,0.03333333333333333,0.0,0.0
7202414,1,1,0.0,0.3333333333333333,0.13333333333333333,0.0,0.0
6072472,1,0,0.0,,,0.0,0.0
5893602,0,0,0.0,0.16666666666666666,0.10416666666666667,0.0,0.0
9063333,1,0,0.0,,,0.0,0.0
8862187,1,1,0.0,0.0,0.0,0.0,0.0
4414868,1,0,0.0,,,0.0,0.0
4889858,1,0,0.0,,,0.0,0.018518518518518517
2103579,1,0,0.0,0.25,0.206896551724138,0.0,0.0
8879971,1,1,0.0,,,0.0,0.0
1777545,0,1,0.0,0.25,0.17142857142857146,0.0,0.0
5685774,1,1,0.0,,,0.0,0.0
8862184,1,1,0.0,0.25,0.18421052631578946,0.0,0.0
2103717,1,0,0.0,1.0,0.7619047619047619,0.0,0.0
2111491,0,0,0.0,,,0.0,0.0
6751519,1,0,0.0,0.75,0.6071428571428571,0.0,0.0
7281356,1,1,0.0,,,0.0,0.0
5054359,1,1,0.0,,,0.0,0.0
2005375,0,1,0.0,,,0.0,0.0
3856685,0,1,0.0,0.14285714285714285,0.22448979591836726,0.0,0.008928571428571428
2189113,1,1,0.0,,,0.0,0.0
4414603,1,0,0.0,,,0.0,0.0
2111706,1,0,0.0,,,0.0,0.014285714285714284
4885399,1,1,0.0,,,0.0,0.019230769230769232
4414982,1,0,0.0,,,0.0,0.019230769230769232
7273419,1,1,0.0,,,0.0,0.0
2103730,0,0,0.0,0.5,0.35714285714285715,0.0,0.0
3957347,1,0,0.0,0.2857142857142857,0.2608695652173913,0.0,0.0
4889799,1,0,0.0,0.0,0.0,0.0,0.03448275862068965
1384053,1,0,0.0,,,0.0,0.0
7337556,1,0,0.0,0.75,0.6153846153846154,0.0,0.0
8233947,0,0,0.0,,,0.0,0.0
4889816,1,0,0.0,,,0.0,0.03448275862068965
2103803,1,0,0.0,0.5,0.35714285714285715,0.0,0.0
2111828,0,0,0.0,0.3333333333333333,0.4444444444444444,0.0,0.023809523809523808
1221715,1,1,0.0,0.5,0.5476190476190477,0.0,0.0
8876421,1,0,0.0,,,0.0,0.0
6178113,1,0,0.0,0.4,0.5744680851063829,0.0,0.015384615384615384
5693686,1,1,0.0,,,0.0,0.0
2103724,0,0,0.0,0.25,0.21428571428571427,0.0,0.0
7692954,0,1,0.0,,,0.0,0.0
4885559,1,1,1.0,0.3333333333333333,0.21739130434782608,0.0,0.21875
5477120,1,0,0.0,0.0,0.10416666666666667,0.0,0.0
4885318,1,1,0.0,,,0.0,0.023809523809523808
4414899,1,0,0.0,0.0,0.0,0.0,0.0
8876408,1,0,0.0,,,0.0,0.0
4829186,1,1,0.0,0.5,0.28125,0.0,0.0
8213241,1,1,0.0,,,0.0,0.0
7281335,1,1,1.0,,,0.0,0.07692307692307693
4523968,1,1,0.0,,,0.0,0.0
5758518,1,0,0.0,,,0.0,0.0
4889870,1,0,0.0,0.5,0.2380952380952381,0.0,0.029411764705882363
2111342,0,0,0.0,,,0.0,0.0
1465001,1,1,0.0,0.5,0.3055555555555556,0.0,0.0
1867568,1,0,0.0,0.3333333333333333,0.1111111111111111,0.0,0.0
5575006,1,0,0.0,0.42857142857142855,0.3703703703703704,0.0,0.008130081300813009
7128415,1,1,0.0,0.0,0.054054054054054064,0.0,0.0
7692897,0,1,0.0,0.5,0.3636363636363637,0.0,0.0
7270162,1,0,0.0,,,0.0,0.0
2111344,0,0,0.0,,,0.0,0.0
5637257,1,1,0.0,,,0.0,0.0
3171387,0,0,0.0,0.3333333333333333,0.14285714285714285,0.0,0.0
6260579,1,1,0.0,0.0,0.0,0.0,0.0
5243632,1,1,0.0,,,0.0,0.0
2107013,0,1,0.0,,,0.0,0.0
6186037,1,0,0.0,,,0.0,0.0
6274056,1,1,0.0,,,0.0,0.0
800926,1,1,0.0,0.2222222222222222,0.16666666666666666,0.0,0.0
2729771,1,0,0.0,,,0.0,0.0
4567135,0,1,0.0,0.4,0.2894736842105263,0.0,0.0
5673970,1,0,0.0,,,0.0,0.0
6181277,0,1,0.0,0.2,0.24489795918367346,0.0,0.0
6241894,1,1,0.0,0.0,0.06382978723404255,0.0,0.0
5240791,1,1,0.0,0.0,0.2558139534883721,0.0,0.0
2111704,1,0,0.0,,,0.0,0.012987012987012988
2272254,1,1,0.0,,,0.0,0.0
2111644,1,0,0.0,0.25,0.206896551724138,0.0,0.011494252873563218
2099294,0,1,0.0,1.0,0.7619047619047619,0.0,0.0
2103799,1,0,0.0,,,0.0,0.0
6863855,1,0,0.0,,,0.0,0.0
7402923,1,0,0.0,,,0.0,0.0
7273441,1,1,0.0,,,0.0,0.0
2103784,1,0,0.0,,,0.0,0.0
540236,1,1,0.0,,,0.0,0.0
5641984,1,0,0.0,,,0.0,0.0
2103808,1,0,0.0,,,0.0,0.0
4414911,1,0,0.0,,,0.0,0.0
4472150,1,1,0.0,0.4,0.2826086956521739,0.0,0.0
1785470,1,1,0.0,0.25,0.2,0.0,0.0
2044951,1,1,0.0,,,0.0,0.0
4381838,1,1,0.0,0.14285714285714285,0.09615384615384616,0.0,0.0
7123571,1,0,0.0,0.25,0.14705882352941174,0.0,0.0
7242277,1,0,0.0,,,0.0,0.0
4567553,0,1,0.0,0.25,0.19298245614035087,0.0,0.0
1368231,0,0,0.0,,,0.0,0.0
2107388,1,1,0.0,,,0.0,0.014492753623188406
2103588,1,0,0.0,0.25,0.21428571428571427,0.0,0.0
4414913,1,0,0.0,,,0.0,0.0
2107393,1,1,0.0,0.4,0.5517241379310345,0.0,0.011764705882352941
2111345,0,0,0.0,,,0.0,0.0
2021205,1,1,0.0,,,0.0,0.0
6249028,1,0,0.0,0.25,0.14814814814814814,0.0,0.0
2103794,0,0,0.0,,,0.0,0.0
532321,0,1,0.0,,,0.0,0.0
7267078,1,0,0.0,0.0,0.0,0.0,0.0
7278110,1,0,0.0,1.0,0.8,0.0,0.01492537313432836
6004894,0,1,0.0,,,0.0,0.0
5701567,1,1,0.0,,,0.0,0.0
4414901,1,0,0.0,,,0.0,0.0
1802092,1,0,1.0,0.3333333333333333,0.2,0.0,0.3636363636363637
7395009,1,0,0.0,,,0.0,0.0
2294301,1,0,0.0,0.14285714285714285,0.10869565217391304,0.0,0.0
5662029,1,1,0.0,,,0.0,0.0
4324363,1,1,0.0,,,0.0,0.0
1167885,1,1,0.0,0.2,0.09302325581395347,0.0,0.0
8236734,1,1,0.0,,,0.0,0.0
6189192,1,1,0.0,0.2,0.24489795918367346,0.0,0.0
8978460,1,0,0.0,0.5,0.2,0.0,0.0
1376135,0,0,0.0,0.0,0.0,0.0,0.0
1369601,0,1,0.0,,,0.0,0.0
7692953,0,1,0.0,0.5,0.35294117647058826,0.0,0.0
109759,1,0,0.0,0.25,0.1176470588235294,0.0,0.0
1382264,1,0,0.0,,,0.0,0.0
3407725,1,1,0.0,0.0,0.13333333333333333,0.0,0.0
5461287,1,0,0.0,0.0,0.0,0.0,0.0
3408373,1,0,0.0,0.08333333333333333,0.1375,0.0,0.0
7273477,1,1,0.0,,,0.0,0.0
2107449,0,1,0.0,,,0.0,0.019230769230769232
777192,1,1,0.0,,,0.0,0.0
4889795,1,0,0.0,0.0,0.08620689655172414,0.0,0.03636363636363636
4889866,0,0,1.0,,,0.0,0.09333333333333334
2103575,1,0,0.0,,,0.0,0.0
2021202,1,1,0.0,,,0.0,0.0
5469205,1,0,0.0,0.0,0.10416666666666667,0.0,0.0
1777555,0,1,0.0,0.25,0.2,0.0,0.0
7686572,0,0,0.0,0.2,0.061224489795918366,0.0,0.0
2264342,1,1,0.0,,,0.0,0.0
4002943,1,0,0.0,0.25,0.057142857142857134,0.0,0.0
1722513,0,0,0.0,,,0.0,0.0
8347448,1,1,0.0,,,0.0,0.0
2103519,1,0,0.0,,,0.0,0.0
6000325,0,0,0.0,0.4,0.2195121951219512,0.0,0.0
6472297,1,1,0.0,0.3333333333333333,0.16129032258064516,0.0,0.0
2103786,0,0,0.0,,,0.0,0.0
7691332,0,1,0.0,,,0.0,0.0
7273458,1,1,0.0,0.0,0.0,0.0,0.0
2197027,1,1,0.0,0.3333333333333333,0.1176470588235294,0.0,0.0
8300711,1,1,0.0,,,0.0,0.0
7281381,1,1,0.0,,,0.0,0.0
2029106,1,1,0.0,,,0.0,0.0
7402544,0,0,0.0,,,0.0,0.0
1785460,1,1,0.0,0.25,0.17142857142857146,0.0,0.0
1131598,1,0,0.0,0.0,0.0,0.0,0.0
839609,1,1,0.0,,,0.0,0.0
7689690,1,0,0.0,0.0,0.0,0.0,0.014705882352941175
7131564,1,0,0.0,,,0.0,0.0
8232952,1,0,0.0,,,0.0,0.0
6898475,0,0,0.0,0.3333333333333333,0.2647058823529412,0.0,0.0
4889885,0,0,1.0,,,0.0,0.09333333333333334
1464687,1,1,1.0,,,0.0,0.2222222222222222
1376136,0,0,0.0,,,0.0,0.0
1722519,0,0,0.0,,,0.0,0.013157894736842105
6068881,1,1,0.0,,,0.0,0.0
8862183,1,1,0.0,0.3333333333333333,0.2608695652173913,0.0,0.0
4410692,1,1,0.0,,,0.0,0.013333333333333334
3965262,0,0,0.0,0.2857142857142857,0.2608695652173913,0.0,0.08620689655172414
4414766,1,0,0.0,1.0,0.7727272727272727,0.0,0.0
2111503,0,0,0.0,0.25,0.21428571428571427,0.0,0.02
8647088,1,0,0.0,,,0.0,0.0
1380024,1,1,0.0,,,0.0,0.016393442622950817
4885555,0,1,1.0,0.25,0.1851851851851852,0.0,0.0958904109589041
1199440,1,1,0.0,0.0,0.12307692307692307,0.0,0.0
7281389,1,1,1.0,,,0.0,0.07692307692307693
6269632,1,0,0.0,,,0.0,0.0
6273197,1,0,0.0,,,0.0,0.0
7273457,1,1,0.0,0.0,0.0,0.0,0.0
839529,0,1,0.0,,,0.0,0.0
5889458,1,0,0.0,0.3333333333333333,0.15151515151515152,0.0,0.0
2103421,1,0,0.0,,,0.0,0.0
7135942,1,0,0.0,,,0.0,0.0
2111652,0,0,0.0,,,0.0,0.019230769230769232
2121848,1,1,0.0,0.3333333333333333,0.1153846153846154,0.0,0.0
5817877,0,0,0.0,0.2,0.14893617021276595,0.0,0.0
5666035,1,0,0.0,,,0.0,0.0
2264384,1,1,0.0,,,0.0,0.0
8342716,1,0,0.0,,,0.0,0.0
2430879,1,1,0.0,,,0.0,0.0
7278081,1,0,1.0,,,0.0,0.41025641025641024
2604057,0,1,0.0,0.125,0.10294117647058824,0.0,0.05343511450381679
2111634,0,0,0.0,0.0,0.0,0.0,0.0
2099478,0,1,0.0,0.4,0.5517241379310345,0.0,0.0
4889801,1,0,0.0,,,0.0,0.018518518518518517
7402924,1,0,0.0,,,0.0,0.0
2103586,1,0,0.0,0.5,0.35714285714285715,0.0,0.0
7273400,1,1,0.0,0.0,0.0,0.0,0.0
4410650,0,1,0.0,1.0,0.7727272727272727,0.0,0.014285714285714284
4889797,1,0,0.0,0.3333333333333333,0.21739130434782608,0.0,0.018518518518518517
8879121,1,1,0.0,,,0.0,0.0
8639170,0,0,0.0,,,0.0,0.0
8639171,0,0,0.0,,,0.0,0.0
5709482,0,0,0.0,,,0.0,0.02127659574468085
1340460,1,1,0.0,,,0.0,0.0
8236743,1,1,0.0,,,0.0,0.0
4889807,1,0,1.0,0.0,0.0,0.0,0.08974358974358974
7523744,1,0,0.0,0.3333333333333333,0.2424242424242425,0.0,0.0
7278096,1,0,1.0,,,0.0,0.41025641025641024
7278083,1,0,0.0,,,0.0,0.02325581395348837
2590849,1,1,0.0,,,0.0,0.0
4417296,0,1,0.0,1.0,0.8,0.0,0.0
4829187,1,1,1.0,0.5,0.2307692307692308,0.0,0.21212121212121213
2111433,0,0,0.0,,,0.0,0.017241379310344827
2430059,1,1,0.0,,,0.0,0.0
2103594,1,0,0.0,0.25,0.21428571428571427,0.0,0.0
7467786,0,0,0.0,,,0.0,0.017241379310344827
7689628,0,0,0.0,,,0.0,0.0
5693653,1,1,0.0,,,0.0,0.0
5996933,1,1,0.0,,,0.0,0.0
8966653,0,1,0.0,0.5,0.15,0.0,0.0
7270200,1,0,0.0,,,0.0,0.0
3057966,0,1,0.0,0.125,0.09375,0.0,0.0
4979396,1,1,0.0,0.25,0.17142857142857146,0.0,0.0
2103781,1,0,0.0,,,0.0,0.0
9171059,1,1,0.0,0.2,0.07692307692307693,0.0,0.0
2111702,1,0,0.0,,,0.0,0.012658227848101266
7281369,1,1,0.0,,,0.0,0.0
7132389,1,0,0.0,,,0.0,0.0
5709481,0,0,0.0,,,0.0,0.0
6249005,1,0,0.0,0.14285714285714285,0.08695652173913042,0.0,0.0
2103573,1,0,0.0,,,0.0,0.0
4889658,1,0,0.0,,,0.0,0.027777777777777776
195113,1,0,0.0,,,0.0,0.0
3278360,0,1,0.0,,,0.0,0.0
1178975,1,0,0.0,,,0.0,0.0
4889806,1,0,1.0,0.3333333333333333,0.2083333333333333,0.0,0.08974358974358974
1377501,1,1,0.0,,,0.0,0.0136986301369863
7930811,1,1,0.0,0.16666666666666666,0.08695652173913042,0.0,0.0
4828327,1,1,0.0,0.5,0.3548387096774194,0.0,0.045454545454545456
6186036,1,0,0.0,0.5,0.5581395348837209,0.0,0.0
2111494,0,0,0.0,0.25,0.206896551724138,0.0,0.019230769230769232
4889886,1,0,0.0,,,0.0,0.027777777777777776
7689672,0,0,0.0,,,0.0,0.0
4414977,1,0,0.0,,,0.0,0.024390243902439025
7278095,1,0,0.0,0.125,0.10526315789473684,0.0,0.0
2111711,0,0,0.0,,,0.0,0.02
1715122,1,0,0.0,0.0,0.0,0.0,0.0
7270150,1,0,0.0,,,0.0,0.0
4889668,1,0,0.0,0.5,0.25,0.0,0.029411764705882363
7689585,0,0,0.0,,,0.0,0.0
9006063,1,1,0.0,,,0.0,0.0
2820516,0,1,0.0,0.2857142857142857,0.2631578947368421,0.0,0.0
2423092,1,1,0.0,0.0,0.0,0.0,0.0
2111490,0,0,0.0,,,0.0,0.019230769230769232
5027527,1,1,0.0,0.3333333333333333,0.14285714285714285,0.0,0.0
4889888,1,0,0.0,,,0.0,0.029411764705882363
8238331,1,1,0.0,,,0.0,0.0
4049095,1,1,0.0,0.3333333333333333,0.10714285714285714,0.0,0.0
5062274,1,1,0.0,,,0.0,0.0
7281387,1,1,0.0,0.0,0.0,0.0,0.0
4414602,1,0,0.0,,,0.0,0.0
7281321,1,1,1.0,0.0,0.0,0.0,0.07692307692307693
7135980,1,0,0.0,,,0.0,0.0
781522,1,0,0.0,,,0.0,0.0
2272299,1,1,0.0,,,0.0,0.0
6252360,1,1,0.0,0.25,0.14285714285714285,0.0,0.0
2103598,1,0,0.0,0.25,0.206896551724138,0.0,0.0
7270138,1,0,0.0,0.125,0.08196721311475409,0.0,0.0
2111710,1,0,0.0,,,0.0,0.011904761904761904
4885538,0,1,1.0,,,0.0,0.07865168539325842
4624242,1,1,1.0,0.6666666666666666,0.43333333333333335,0.0,0.06976744186046513
5809962,1,0,0.0,0.2,0.14893617021276595,0.0,0.0
8216641,1,0,0.0,,,0.0,0.0
7880006,1,0,0.0,,,0.0,0.0
8425836,1,0,0.0,0.14285714285714285,0.12280701754385966,0.0,0.0
2111495,0,0,0.0,,,0.0,0.019230769230769232
8943512,1,1,0.0,0.3333333333333333,0.2424242424242425,0.0,0.0
2729770,1,0,0.0,,,0.0,0.0
7693308,0,1,0.0,0.5,0.2777777777777778,0.0,0.0
7689623,0,0,0.0,,,0.0,0.0
7337557,1,0,0.0,0.16666666666666666,0.125,0.0,0.0
1384047,1,0,0.0,,,0.0,0.0
3848770,0,1,0.0,0.14285714285714285,0.22448979591836726,0.0,0.0
7144697,1,1,0.0,,,0.0,0.0
4889510,1,0,0.0,,,0.0,0.0
8876411,1,0,0.0,,,0.0,0.0
9079171,1,0,0.0,,,0.0,0.0
4414604,1,0,0.0,,,0.0,0.0
4414978,0,0,0.0,1.0,0.7727272727272727,0.0,0.012987012987012988
7273459,1,1,0.0,,,0.0,0.0
2103728,1,0,0.0,0.5,0.35714285714285715,0.0,0.0
4410652,0,1,0.0,0.25,0.206896551724138,0.0,0.015384615384615384
2294302,1,0,0.0,,,0.0,0.0
105746,1,1,0.0,,,0.0,0.0
5709484,0,0,0.0,,,0.0,0.0
4414962,1,0,0.0,,,0.0,0.029411764705882363
5661993,1,1,0.0,,,0.0,0.0
7281337,1,1,1.0,,,0.0,0.07692307692307693
2111500,0,0,0.0,0.5,0.35714285714285715,0.0,0.019230769230769232
2103424,1,0,0.0,,,0.0,0.0
6209871,1,0,0.0,0.2307692307692308,0.19101123595505612,0.0,0.0
7689630,0,0,0.0,,,0.0,0.0
7273474,1,1,0.0,,,0.0,0.0
7692975,0,1,0.0,0.5,0.40625,0.0,0.0
4482777,1,1,0.0,0.1111111111111111,0.04,0.0,0.0
8990399,1,1,0.0,,,0.0,0.0
4885615,1,1,0.0,0.3333333333333333,0.2083333333333333,0.0,0.027777777777777776
7689705,0,0,0.0,,,0.0,0.0
5992321,1,0,0.0,,,0.0,0.0
2021206,1,1,0.0,,,0.0,0.0
7692916,0,1,0.0,0.14285714285714285,0.07142857142857142,0.0,0.0
8958739,0,1,0.0,,,0.0,0.0
5817875,1,0,0.0,1.0,0.8333333333333334,0.0,0.0
8878737,1,1,0.0,,,0.0,0.0
6258217,1,1,0.0,,,0.0,0.0
2103599,1,0,0.0,0.25,0.21428571428571427,0.0,0.0
4889862,1,0,1.0,,,0.0,0.21875
8647087,1,0,0.0,,,0.0,0.0
1563827,1,1,1.0,0.0,0.0,0.0,0.2888888888888889
1377459,1,1,0.0,,,0.0,0.0
8014822,0,0,0.0,0.16666666666666666,0.13333333333333333,0.0,0.0
852100,0,0,0.0,,,0.0,0.0
8884326,1,0,0.0,,,0.0,0.0
8022737,0,0,0.0,0.16666666666666666,0.13333333333333333,0.0,0.0
8349248,1,1,0.0,,,0.0,0.029411764705882363
2103595,0,0,0.0,,,0.0,0.0
8586254,0,1,0.0,,,0.0,0.0
2099237,1,1,0.0,0.25,0.21428571428571427,0.0,0.0
8958730,0,1,1.0,0.5,0.14285714285714285,0.0,0.15873015873015872
3808518,1,1,0.0,0.3333333333333333,0.3225806451612903,0.0,0.0
6257403,0,0,0.0,,,0.0,0.0
2111829,1,0,0.0,1.0,0.7619047619047619,0.0,0.014705882352941175
4410475,1,1,0.0,,,0.0,0.0
8342643,1,0,0.0,,,0.0,0.029411764705882363
1089171,0,1,0.0,0.6,0.696969696969697,0.0,0.0
2005372,0,1,0.0,,,0.0,0.0
802262,1,1,0.0,0.4,0.2391304347826087,0.0,0.0
2920518,1,0,0.0,0.4,0.3055555555555556,0.0,0.0
6975976,1,0,0.0,0.3333333333333333,0.2888888888888889,0.0,0.0
6077008,0,1,0.0,0.0,0.020408163265306117,0.0,0.0
4414763,1,0,0.0,1.0,0.7727272727272727,0.0,0.0
4414975,1,0,0.0,,,0.0,0.015625
4860818,1,1,0.0,,,0.0,0.0
4889878,0,0,1.0,0.3333333333333333,0.2083333333333333,0.0,0.09333333333333334
4410690,1,1,0.0,,,0.0,0.0
5044005,1,1,0.0,,,0.0,0.0
6261710,0,0,0.0,,,0.0,0.0
2099497,0,1,0.0,0.25,0.206896551724138,0.0,0.0
8018593,1,0,0.0,0.3333333333333333,0.125,0.0,0.0
527070,1,1,0.0,,,0.0,0.0
7132517,1,0,0.0,0.25,0.08571428571428573,0.0,0.0
4889883,1,0,0.0,0.3333333333333333,0.2083333333333333,0.0,0.016393442622950817
4575050,1,1,0.0,0.4,0.2894736842105263,0.0,0.0
2736871,1,0,0.0,,,0.0,0.0
6241117,1,0,0.0,0.0,0.06521739130434782,0.0,0.0
4889860,1,0,1.0,0.5,0.2380952380952381,0.0,0.1346153846153846
2041035,1,0,0.0,0.0,0.0,0.0,0.0
8982480,1,1,1.0,0.5,0.13636363636363635,0.0,0.2325581395348837
4414971,1,0,0.0,,,0.0,0.0
8714228,0,1,0.0,1.0,0.7058823529411765,0.0,0.006944444444444444
3893312,1,0,0.0,0.4,0.3541666666666667,0.0,0.0
6186029,1,0,0.0,0.4,0.4814814814814815,0.0,0.0
4885634,1,1,0.0,0.3333333333333333,0.2083333333333333,0.0,0.02325581395348837
2111432,1,0,0.0,0.25,0.07142857142857142,0.0,0.014492753623188406
7281320,1,1,0.0,,,0.0,0.0
4143504,1,1,0.0,,,0.0,0.0
4885590,1,1,0.0,,,0.0,0.018518518518518517
2189112,0,1,0.0,0.3333333333333333,0.1176470588235294,0.0,0.0
1175796,1,1,0.0,,,0.0,0.0
9071182,1,0,0.0,0.3333333333333333,0.1794871794871795,0.0,0.0
6178109,0,0,0.0,0.16666666666666666,0.15517241379310345,0.0,0.017857142857142856
3614076,0,1,0.0,0.3,0.3013698630136986,0.0,0.01345291479820628
8990398,1,1,0.0,0.5,0.15,0.0,0.0
789436,1,0,0.0,,,0.0,0.0
5669910,1,1,0.0,,,0.0,0.0
1912902,1,0,0.0,0.3333333333333333,0.1724137931034483,0.0,0.0
4889808,1,0,1.0,0.3333333333333333,0.2083333333333333,0.0,0.1346153846153846
5677825,1,1,0.0,,,0.0,0.0
3621991,0,1,0.0,0.3,0.3013698630136986,0.0,0.010309278350515464
6269544,1,0,0.0,,,0.0,0.0
2184387,1,0,0.0,0.0,0.0,0.0,0.0
7689581,0,0,0.0,,,0.0,0.0
7978050,1,1,0.0,0.3333333333333333,0.2608695652173913,0.0,0.0
8236742,1,1,0.0,,,0.0,0.0
7523745,1,0,0.0,0.3333333333333333,0.26666666666666666,0.0,0.0
1788567,1,0,0.0,0.25,0.15789473684210525,0.0,0.0
1780645,0,0,0.0,0.25,0.15384615384615385,0.0,0.0
9044764,1,1,0.0,1.0,0.75,0.0,0.0
4414909,0,0,0.0,0.25,0.2,0.0,0.01492537313432836
7140194,1,0,0.0,,,0.0,0.0
2103715,1,0,0.0,0.1111111111111111,0.16129032258064516,0.0,0.0
2107427,1,1,0.0,,,0.0,0.010526315789473684
182694,1,1,0.0,,,0.0,0.0
1369621,0,1,0.0,,,0.0,0.0
7689610,0,0,0.0,0.2,0.06976744186046513,0.0,0.0
6173865,0,0,0.0,,,0.0,0.017857142857142856
2107450,0,1,0.0,0.5,0.35714285714285715,0.0,0.019230769230769232
3736400,1,1,0.0,,,0.0,0.0
2103580,1,0,0.0,,,0.0,0.0
2111510,1,0,0.0,,,0.0,0.010204081632653059
2111636,1,0,0.0,,,0.0,0.014285714285714284
7270771,1,0,0.0,,,0.0,0.0
5152701,0,1,0.0,1.0,0.6875,0.0,0.0
7692902,0,1,0.0,,,0.0,0.0
5669905,1,1,0.0,,,0.0,0.0
234112,0,1,0.0,,,0.0,0.0
6467935,1,0,0.0,0.3333333333333333,0.16666666666666666,0.0,0.0
7504931,1,0,0.0,0.375,0.3103448275862069,0.0,0.0
5701566,1,1,0.0,,,0.0,0.0
777191,1,1,0.0,,,0.0,0.0
7270156,1,0,0.0,0.2,0.0975609756097561,0.0,0.0
8990390,1,1,0.0,0.5,0.14285714285714285,0.0,0.0
5469202,1,0,0.0,0.0,0.0,0.0,0.0
6181421,0,1,0.0,,,0.0,0.0
5685740,1,1,0.0,,,0.0,0.0
4410660,0,1,0.0,1.0,0.7727272727272727,0.0,0.010204081632653059
4414976,1,0,0.0,,,0.0,0.0
1785477,1,1,0.0,0.25,0.16666666666666666,0.0,0.0
7270140,1,0,0.0,0.0,0.0,0.0,0.0
6189193,1,1,0.0,,,0.0,0.0
7689676,0,0,0.0,,,0.0,0.0
7278125,1,0,0.0,,,0.0,0.0
8300768,1,1,0.0,,,0.0,0.0
6249036,1,0,0.0,0.25,0.2083333333333333,0.0,0.0
6241116,1,0,0.0,0.0,0.07317073170731707,0.0,0.0
3399811,1,1,1.0,0.14285714285714285,0.18,0.0,0.2352941176470588
2111698,1,0,0.0,1.0,0.7619047619047619,0.0,0.013888888888888888
7270147,1,0,0.0,,,0.0,0.0
4885589,1,1,0.0,0.3333333333333333,0.2083333333333333,0.0,0.018518518518518517
7023453,0,0,0.0,0.75,0.6388888888888888,0.0,0.0
4889879,1,0,0.0,,,0.0,0.027777777777777776
8426483,1,1,0.0,0.08333333333333333,0.11627906976744184,0.0,0.0
2111724,1,0,0.0,0.25,0.206896551724138,0.0,0.010309278350515464
2041032,1,0,0.0,,,0.0,0.0
7281315,1,1,1.0,0.0,0.0,0.0,0.07692307692307693
2103875,1,0,0.0,0.25,0.206896551724138,0.0,0.0
1376140,0,0,0.0,,,0.0,0.0
1360316,0,0,0.0,,,0.0,0.0
7353386,1,0,0.0,0.75,0.6153846153846154,0.0,0.0
7459871,1,0,0.0,,,0.0,0.0
6018178,1,0,0.0,0.6666666666666666,0.6842105263157895,0.0,0.0
5843893,1,0,0.0,,,0.0,0.0
2103745,0,0,0.0,,,0.0,0.0
5252181,1,1,0.0,0.0,0.21153846153846154,0.0,0.0
5791683,1,1,0.0,0.3333333333333333,0.14705882352941174,0.0,0.0
7689631,0,0,0.0,,,0.0,0.0
9071345,1,0,0.0,0.6666666666666666,0.2258064516129032,0.0,0.0
1777531,0,1,0.0,0.25,0.15384615384615385,0.0,0.0
7270177,1,0,0.0,,,0.0,0.0
3050051,0,1,0.0,0.125,0.09375,0.0,0.0
8120448,1,1,0.0,0.0,0.0,0.0,0.0
7270191,1,0,0.0,,,0.0,0.0
1566934,0,0,1.0,0.0,0.0,0.0,0.13513513513513514
2044950,1,1,0.0,,,0.0,0.0
4889660,1,0,0.0,,,0.0,0.027777777777777776
6186026,1,0,0.0,0.2,0.1836734693877551,0.0,0.0
2021195,1,1,0.0,,,0.0,0.0
4414957,1,0,0.0,0.25,0.2,0.0,0.02
2426533,1,1,0.0,,,0.0,0.0
7692911,0,1,0.0,0.4,0.2564102564102564,0.0,0.0
4979395,1,1,0.0,0.3333333333333333,0.4615384615384616,0.0,0.0
7689657,0,0,0.0,,,0.0,0.0
2276341,1,1,0.0,,,0.0,0.0
7402921,1,0,0.0,,,0.0,0.0
8647085,1,0,0.0,,,0.0,0.0
1382262,1,0,0.0,,,0.0,0.0
4829188,1,1,0.0,0.5,0.2727272727272727,0.0,0.045454545454545456
6249012,1,0,0.0,0.25,0.13793103448275862,0.0,0.0
8958729,0,1,1.0,0.3333333333333333,0.125,0.0,0.10526315789473684
1718615,0,1,0.0,0.0,0.03333333333333333,0.0,0.015384615384615384
1823172,1,1,0.0,0.25,0.5833333333333334,0.0,0.08196721311475409
4410678,0,1,0.0,0.25,0.206896551724138,0.0,0.009174311926605505
5669908,1,1,0.0,,,0.0,0.03571428571428571
4414959,1,0,0.0,,,0.0,0.0
2103576,1,0,0.0,,,0.0,0.0
2111697,0,0,0.0,,,0.0,0.018518518518518517
2111716,1,0,0.0,0.5,0.35714285714285715,0.0,0.012987012987012988
5688785,1,0,0.0,,,0.0,0.0
4414912,1,0,0.0,1.0,0.7727272727272727,0.0,0.01694915254237288
4889861,1,0,0.0,,,0.0,0.027777777777777776
2111712,0,0,0.0,,,0.0,0.016393442622950817
4030143,1,0,0.0,0.3333333333333333,0.2692307692307692,0.0,0.0
3594271,1,1,0.0,0.25,0.2,0.0,0.029411764705882363
7278000,1,0,0.0,,,0.0,0.0
7459890,1,0,0.0,0.25,0.08571428571428573,0.0,0.0
6968061,1,0,0.0,0.3333333333333333,0.2888888888888889,0.0,0.0
6258693,1,1,0.0,0.0,0.0,0.0,0.0
8563994,1,1,0.0,0.6,0.6,0.0,0.0
5666034,1,0,0.0,,,0.0,0.023809523809523808
1848219,1,1,0.0,1.0,0.8076923076923077,0.0,0.023809523809523808
5996979,1,1,0.0,,,0.0,0.0
8230326,1,1,0.0,,,0.0,0.0
2111649,0,0,0.0,0.0,0.0,0.0,0.0
2052862,1,1,0.0,,,0.0,0.0
2103829,1,0,0.0,,,0.0,0.0
186781,1,1,0.0,,,0.0,0.0
6064557,1,0,0.0,,,0.0,0.0
8425838,1,0,0.0,0.14285714285714285,0.1320754716981132,0.0,0.0
4885373,1,1,1.0,0.5,0.25,0.0,0.14
8978459,1,0,1.0,0.25,0.0967741935483871,0.0,0.2083333333333333
2107385,1,1,0.0,0.5,0.35714285714285715,0.0,0.011111111111111113
3286275,0,1,0.0,,,0.0,0.0
6261704,1,0,0.0,,,0.0,0.0
9013976,1,1,0.0,,,0.0,0.0
2044947,1,1,0.0,,,0.0,0.0
2837560,1,1,0.0,0.42857142857142855,0.54,0.0,0.0
8994290,1,0,0.0,0.5,0.2,0.0,0.0
2358693,1,1,0.0,0.16666666666666666,0.12727272727272726,0.0,0.0
8943495,1,1,0.0,0.3333333333333333,0.2857142857142857,0.0,0.0
8994291,1,0,0.0,,,0.0,0.0
5840299,1,1,0.0,,,0.0,0.0
1955683,0,1,0.0,0.4,0.3714285714285713,0.0,0.0
2099511,0,1,0.0,,,0.0,0.0
8949780,1,1,0.0,0.42857142857142855,0.6041666666666666,0.0,0.0
1369544,0,1,0.0,,,0.0,0.0
1136401,1,1,0.0,1.0,0.6875,0.0,0.10638297872340426
2103795,1,0,0.0,,,0.0,0.0
7281372,1,1,1.0,0.0,0.0,0.0,0.07692307692307693
7278051,1,0,0.0,,,0.0,0.0
7692968,0,1,0.0,,,0.0,0.0
4580122,1,0,0.0,0.4,0.2972972972972973,0.0,0.0
7689651,0,0,0.0,0.0,0.0,0.0,0.0
7903721,1,0,0.0,,,0.0,0.0
4889869,1,0,0.0,,,0.0,0.016393442622950817
5696700,1,0,0.0,,,0.0,0.0
8342731,1,0,0.0,,,0.0,0.029411764705882363
2294303,1,0,0.0,0.14285714285714285,0.0851063829787234,0.0,0.0
5685736,1,1,0.0,,,0.0,0.0
8986377,1,0,0.0,0.5,0.14285714285714285,0.0,0.0
1384054,1,0,0.0,,,0.0,0.0
8884336,1,0,0.0,,,0.0,0.0
3602185,1,1,0.0,0.14285714285714285,0.2553191489361702,0.0,0.029411764705882363
8990395,1,1,0.0,0.5,0.13636363636363635,0.0,0.0
7523747,1,0,0.0,0.3333333333333333,0.2258064516129032,0.0,0.0
2736879,1,0,0.0,,,0.0,0.0
2596143,0,1,0.0,0.4,0.32608695652173914,0.0,0.02127659574468085
7273462,1,1,0.0,,,0.0,0.0
6266133,1,1,0.0,,,0.0,0.0
7273443,1,1,0.0,0.0,0.0,0.0,0.0
2111713,1,0,0.0,0.5,0.35714285714285715,0.0,0.010309278350515464
5517359,0,1,0.0,1.0,0.8,0.0,0.0
2111502,1,0,0.0,,,0.0,0.012987012987012988
9013977,1,1,0.0,,,0.0,0.0
9079153,1,0,0.0,,,0.0,0.0
6186031,1,0,0.0,0.3333333333333333,0.4137931034482759,0.0,0.0
2005373,0,1,0.0,,,0.0,0.0
7270135,1,0,0.0,,,0.0,0.0
7353385,1,0,0.0,0.16666666666666666,0.14285714285714285,0.0,0.0
1689718,1,1,0.0,0.0,0.0,0.0,0.0
8785603,1,1,0.0,0.5,0.5862068965517241,0.0,0.0
1175789,1,1,0.0,0.2,0.09090909090909093,0.0,0.0
4889994,1,0,0.0,0.3333333333333333,0.21739130434782608,0.0,0.019230769230769232
7689689,0,0,0.0,,,0.0,0.0
2111509,1,0,0.0,0.25,0.21428571428571427,0.0,0.011904761904761904
4955754,0,1,0.0,0.16666666666666666,0.13953488372093026,0.0,0.0
7273404,1,1,0.0,,,0.0,0.0
793011,1,1,0.0,0.2222222222222222,0.16666666666666666,0.0,0.0
7692963,0,1,0.0,0.5,0.2702702702702703,0.0,0.0
4414698,1,0,0.0,,,0.0,0.0
4885592,1,1,1.0,,,0.0,0.0958904109589041
8300005,1,1,0.0,,,0.0,0.0
7278093,1,0,1.0,,,0.0,0.41025641025641024
1780675,0,0,0.0,0.2,0.16666666666666666,0.0,0.0
2107208,1,1,0.0,0.25,0.21428571428571427,0.0,0.013888888888888888
7273472,1,1,0.0,0.0,0.0,0.0,0.0
7610113,1,0,0.0,0.4,0.34210526315789475,0.0,0.0
2107209,1,1,0.0,1.0,0.7619047619047619,0.0,0.010309278350515464
1377531,1,1,0.0,,,0.0,0.0
4410276,1,1,0.0,,,0.0,0.0
2464751,1,1,0.0,0.0,0.4827586206896552,0.0,0.0
4889665,1,0,0.0,0.3333333333333333,0.2083333333333333,0.0,0.027777777777777776
4889857,1,0,1.0,0.5,0.2380952380952381,0.0,0.14583333333333334
4889503,1,0,0.0,,,0.0,0.0
7689645,0,0,0.0,,,0.0,0.0
2037018,1,1,0.0,,,0.0,0.0
2107155,0,1,0.0,,,0.0,0.017241379310344827
7692938,0,1,0.0,0.5,0.2702702702702703,0.0,0.0
4414903,0,0,0.0,0.25,0.2,0.0,0.01818181818181818
5661991,1,1,0.0,,,0.0,0.0
7281333,1,1,1.0,,,0.0,0.07692307692307693
8990388,1,1,0.0,0.5,0.16666666666666666,0.0,0.0
8884322,1,0,0.0,,,0.0,0.0
4146888,1,0,0.0,0.3333333333333333,0.1724137931034483,0.0,0.0
8966648,1,1,0.5,0.25,0.1,0.0,0.18461538461538465
2034918,1,1,0.0,0.0,0.0,0.0,0.0
2099458,0,1,0.0,,,0.0,0.0
7140249,1,0,0.0,,,0.0,0.0
7278002,1,0,0.0,0.0,0.0,0.0,0.02325581395348837
5893603,1,0,0.0,0.4,0.35897435897435903,0.0,0.0
6254363,1,0,0.0,0.0,0.0,0.0,0.0
9169928,1,0,0.0,0.25,0.1,0.0,0.0
8876407,1,0,0.0,,,0.0,0.0
182739,1,1,0.0,,,0.0,0.0
6274523,1,1,0.0,0.0,0.0,0.0,0.0
4885175,1,1,0.0,,,0.0,0.0
1171068,1,0,0.0,0.3333333333333333,0.21428571428571427,0.0,0.0
3600227,0,0,0.0,0.0,0.045454545454545456,0.0,0.014285714285714284
1178983,1,0,0.0,0.3333333333333333,0.21428571428571427,0.0,0.0
7692967,0,1,0.0,0.5,0.3333333333333333,0.0,0.0
8962632,1,0,0.0,0.5,0.14285714285714285,0.0,0.032786885245901634
7281385,1,1,1.0,0.0,0.0,0.0,0.4418604651162791
4410651,0,1,0.0,0.16666666666666666,0.15384615384615385,0.0,0.012195121951219513
2103737,1,0,0.0,,,0.0,0.0
2733858,1,1,0.0,,,0.0,0.0
5662026,1,1,0.0,,,0.0,0.0
4572207,0,0,0.0,0.4,0.2972972972972973,0.0,0.0
4414765,1,0,0.0,1.0,0.7727272727272727,0.0,0.0
4414925,0,0,0.0,,,0.0,0.013157894736842105
8884335,1,0,0.0,,,0.0,0.0
7689673,0,0,0.0,,,0.0,0.0
7278115,1,0,0.0,,,0.0,0.0
7281319,1,1,0.0,,,0.0,0.0
2294297,1,0,0.0,0.2,0.1388888888888889,0.0,0.0
8010678,1,0,0.0,0.3333333333333333,0.125,0.0,0.0
2111639,1,0,0.0,0.25,0.21428571428571427,0.0,0.011494252873563218
8962629,0,0,1.0,0.25,0.0967741935483871,0.0,0.14705882352941174
7281394,1,1,1.0,,,0.0,0.07692307692307693
1788561,1,0,0.0,0.25,0.15,0.0,0.0
7270117,1,0,0.0,,,0.0,0.0
8958734,0,1,1.0,0.5,0.16666666666666666,0.0,0.15873015873015872
4583460,1,1,0.0,0.3333333333333333,0.3225806451612903,0.0,0.0
8300186,1,1,0.0,,,0.0,0.0
8876404,1,0,0.0,,,0.0,0.0
1361616,1,1,0.0,,,0.0,0.01282051282051282
6960146,1,0,0.0,0.3333333333333333,0.2888888888888889,0.0,0.10869565217391304
2150352,1,0,1.0,0.3333333333333333,0.16666666666666666,0.0,0.3636363636363637
8970544,1,0,1.0,0.25,0.0967741935483871,0.0,0.2083333333333333
4889812,1,0,1.0,0.3333333333333333,0.2083333333333333,0.0,0.12280701754385966
8998304,1,1,0.0,0.3333333333333333,0.125,0.0,0.0
1535240,0,0,0.0,0.125,0.10714285714285714,0.0,0.0
6253777,1,0,0.0,,,0.0,0.0
5044006,1,1,0.0,,,0.0,0.0
2103780,1,0,0.0,0.25,0.206896551724138,0.0,0.0
2031574,1,0,0.0,,,0.0,0.03125
2099238,1,1,0.0,,,0.0,0.0
5672955,1,0,0.0,,,0.0,0.07407407407407407
4414989,0,0,0.0,0.25,0.2,0.0,0.012987012987012988
2107386,1,1,0.0,0.16666666666666666,0.15789473684210525,0.0,0.00980392156862745
1380027,1,1,0.0,,,0.0,0.0
1384049,1,0,0.0,,,0.0,0.0
2099095,1,1,0.0,,,0.0,0.0
7686574,1,0,0.0,,,0.0,0.0
4143499,1,1,0.0,,,0.0,0.0
9145074,1,0,0.0,,,0.0,0.0
2725943,1,1,0.0,,,0.0,0.0
7273418,1,1,0.0,,,0.0,0.0
2272260,1,1,0.0,,,0.0,0.0
3736389,1,1,0.0,,,0.0,0.0
8905563,1,0,0.0,0.16666666666666666,0.125,0.0,0.0
5489376,0,1,0.0,1.0,0.7916666666666666,0.0,0.0
6261629,0,0,0.0,,,0.0,0.0
3507478,1,1,0.0,0.5,0.525,0.0,0.0
789437,1,0,0.0,,,0.0,0.0
2103720,1,0,0.0,,,0.0,0.0
7345472,1,0,0.0,0.16666666666666666,0.125,0.0,0.0
5711867,0,1,0.0,0.6666666666666666,0.3235294117647059,0.0,0.0
7273456,1,1,0.0,0.0,0.0,0.0,0.0
2736894,1,0,0.0,,,0.0,0.0
7689675,0,0,0.0,0.125,0.1851851851851852,0.0,0.0
7278058,1,0,1.0,0.0,0.0,0.0,0.4418604651162791
7523748,1,0,0.0,1.0,0.7826086956521741,0.0,0.03333333333333333
7506267,1,0,0.0,0.4,0.24444444444444444,0.0,0.0
1716957,1,0,0.0,,,0.0,0.0
6269619,1,0,0.0,,,0.0,0.0
2103725,1,0,0.0,0.25,0.07142857142857142,0.0,0.0
4988116,1,1,0.0,,,0.0,0.0
1175800,1,1,0.0,0.2,0.09302325581395347,0.0,0.0
5677857,1,1,0.0,,,0.0,0.027777777777777776
8876420,1,0,0.0,,,0.0,0.0
7135958,1,0,0.0,,,0.0,0.0
5121053,1,1,0.0,0.42857142857142855,0.4807692307692308,0.0,0.0
5809960,1,0,0.0,1.0,0.8333333333333334,0.0,0.0
2103723,0,0,0.0,0.25,0.206896551724138,0.0,0.0
8149046,1,0,0.0,0.14285714285714285,0.13978494623655913,0.0,0.0
2099096,1,1,0.0,,,0.0,0.0
1484681,0,1,0.0,0.5,0.2777777777777778,0.0,0.025
7270128,1,0,0.0,,,0.0,0.0
5681864,1,0,0.0,,,0.0,0.0
6268413,1,1,0.0,,,0.0,0.0
9079097,1,0,0.0,0.3333333333333333,0.1794871794871795,0.0,0.0
8349251,1,1,0.0,,,0.0,0.029411764705882363
2725941,1,1,0.0,,,0.0,0.0
4889877,1,0,1.0,,,0.0,0.1794871794871795
2111512,1,0,0.0,,,0.0,0.00980392156862745
4889509,1,0,0.0,,,0.0,0.0
5477117,1,0,0.0,0.0,0.0,0.0,0.0
2111714,0,0,0.0,,,0.0,0.019230769230769232
3608142,0,0,0.0,0.0,0.045454545454545456,0.0,0.014285714285714284
8869698,0,1,1.0,0.0,0.4,0.0,0.10752688172043012
8982479,1,1,1.0,0.5,0.16666666666666666,0.0,0.2325581395348837
7270132,1,0,0.0,,,0.0,0.0
5043526,1,1,0.0,,,0.0,0.0
4885591,0,1,1.0,,,0.0,0.10606060606060606
1210452,0,0,0.0,0.0,0.17647058823529413,0.0,0.0
6621263,1,0,0.0,0.3333333333333333,0.1724137931034483,0.0,0.0
5622427,1,1,0.0,0.16666666666666666,0.16,0.0,0.0
8232027,1,0,0.0,,,0.0,0.0
4885550,0,1,1.0,0.3333333333333333,0.2083333333333333,0.0,0.10294117647058824
1543154,1,0,0.0,0.25,0.19642857142857145,0.0,0.0
4414762,1,0,0.0,0.25,0.2,0.0,0.01694915254237288
4889598,1,0,0.0,,,0.0,0.023809523809523808
5701570,1,1,0.0,,,0.0,0.0
83515,1,1,0.0,,,0.0,0.0
5044007,1,1,0.0,,,0.0,0.0
6186038,1,0,0.0,0.4,0.5,0.0,0.0
7523743,1,0,0.0,0.3333333333333333,0.2258064516129032,0.0,0.03225806451612903
2107011,0,1,0.0,,,0.0,0.0
8974558,1,1,1.0,0.5,0.16666666666666666,0.0,0.25
2103783,1,0,0.0,1.0,0.7619047619047619,0.0,0.0
9173116,1,1,0.0,0.14285714285714285,0.075,0.0,0.0
5240790,1,1,0.0,0.0,0.2380952380952381,0.0,0.0
1788555,1,0,0.0,0.16666666666666666,0.13043478260869565,0.0,0.0
5244294,0,1,0.0,0.0,0.17777777777777778,0.0,0.0
7140257,1,0,0.0,,,0.0,0.0
2099459,0,1,0.0,0.25,0.21428571428571427,0.0,0.0
5011668,1,1,0.0,1.0,0.7368421052631579,0.0,0.0
2103802,1,0,0.0,,,0.0,0.0
7273406,1,1,0.0,0.0,0.0,0.0,0.0
9177842,1,0,0.0,0.25,0.09090909090909093,0.0,0.0
1854926,1,0,0.0,0.2,0.2325581395348837,0.0,0.0
7692896,0,1,0.0,0.16666666666666666,0.07317073170731707,0.0,0.0
5698193,1,0,0.0,,,0.0,0.0
2294308,1,0,0.0,0.2,0.10810810810810813,0.0,0.0
4410418,1,1,0.0,,,0.0,0.0
8342678,1,0,0.0,,,0.0,0.0
6645509,1,0,0.0,1.0,0.7826086956521741,0.0,0.0
5817876,1,0,0.0,0.2,0.17391304347826084,0.0,0.0
1780652,0,0,0.0,0.25,0.15789473684210525,0.0,0.0
8982477,1,1,0.0,,,0.0,0.0
4284792,1,1,0.0,0.16666666666666666,0.09803921568627452,0.0,0.022222222222222227
9118003,0,1,0.0,1.0,0.8275862068965517,0.0,0.0
4885317,1,1,0.0,0.5,0.25,0.0,0.023809523809523808
7273422,1,1,0.0,,,0.0,0.0
8862185,1,1,0.0,0.0,0.0851063829787234,0.0,0.0
4889502,1,0,0.0,,,0.0,0.0
7143847,1,0,0.0,,,0.0,0.03225806451612903
2800813,1,0,0.0,0.5,0.3076923076923077,0.0,0.0
8689373,0,1,0.0,1.0,0.7727272727272727,0.0,0.0
847440,0,1,0.0,0.25,0.12121212121212124,0.0,0.018518518518518517
7270168,1,0,0.0,,,0.0,0.0
419498,0,1,0.0,0.6666666666666666,0.6666666666666666,0.0,0.0049261083743842365
6472298,1,1,0.0,0.3333333333333333,0.16129032258064516,0.0,0.0
4414974,0,0,0.0,,,0.0,0.014285714285714284
8232951,1,0,0.0,,,0.0,0.0
8417921,0,0,0.0,0.14285714285714285,0.12280701754385966,0.0,0.0
4414764,1,0,0.0,,,0.0,0.0
7692923,1,1,0.0,0.2857142857142857,0.2075471698113208,0.0,0.0
4889666,1,0,0.0,0.3333333333333333,0.2083333333333333,0.0,0.02325581395348837
7692949,0,1,0.0,,,0.0,0.0
4889504,1,0,0.0,,,0.0,0.0
8342740,0,0,0.0,,,0.0,0.0
8978462,1,0,0.0,0.5,0.14285714285714285,0.0,0.0
4885556,1,1,1.0,,,0.0,0.1346153846153846
8117760,1,1,0.0,1.0,0.5833333333333334,0.0,0.0
7278065,1,0,0.0,,,0.0,0.0
8128364,1,1,0.0,0.0,0.0,0.0,0.0
8998310,1,1,0.0,0.5,0.13636363636363635,0.0,0.0
6241986,1,1,0.0,,,0.0,0.0
2103801,1,0,0.0,0.5,0.35714285714285715,0.0,0.0
1377536,1,1,0.0,,,0.0,0.0
7692969,0,1,0.0,,,0.0,0.0
7273464,1,1,0.0,,,0.0,0.0
2111641,1,0,0.0,0.5,0.35714285714285715,0.0,0.01
7140263,1,0,0.0,,,0.0,0.0
1382236,1,0,0.0,,,0.0,0.0
4992441,1,0,0.0,,,0.0,0.0
4410655,0,1,0.0,0.75,0.68,0.0,0.013333333333333334
8990391,1,1,0.0,0.25,0.1,0.0,0.0
8982473,1,1,1.0,0.5,0.16666666666666666,0.0,0.25
2037020,1,1,0.0,,,0.0,0.0
5481492,0,1,0.0,0.1,0.0945945945945946,0.0,0.0
9105026,0,0,0.0,0.125,0.08955223880597014,0.0,0.0
2099479,1,1,0.0,1.0,0.7619047619047619,0.0,0.0
7692895,0,1,0.0,0.5,0.3055555555555556,0.0,0.0
4414778,1,0,0.0,0.25,0.2,0.0,0.015151515151515154
7689642,0,0,0.0,,,0.0,0.0
9000911,1,0,0.0,0.0,0.0,0.0,0.0
3012352,0,1,0.0,0.3333333333333333,0.2631578947368421,0.0,0.0
8954717,1,0,0.0,0.5,0.14285714285714285,0.0,0.032786885245901634
4410417,1,1,0.0,0.25,0.206896551724138,0.0,0.0
466754,0,0,0.0,,,0.0,0.0
2111492,0,0,0.0,0.25,0.206896551724138,0.0,0.019230769230769232
109758,1,0,0.0,0.3333333333333333,0.14285714285714285,0.0,0.0
2103596,1,0,0.0,0.25,0.21428571428571427,0.0,0.0
7451956,1,0,0.0,,,0.0,0.0
8234362,1,0,0.0,,,0.0,0.0
1540021,1,1,0.0,0.13333333333333333,0.13131313131313133,0.0,0.0
5704615,1,0,0.0,,,0.0,0.0
1384046,1,0,0.0,,,0.0,0.0
109765,1,0,0.0,0.3333333333333333,0.125,0.0,0.0
8342707,1,0,0.0,,,0.0,0.0
4885177,1,1,0.0,,,0.0,0.0
5244279,1,1,0.0,0.0,0.21428571428571427,0.0,0.0
2103727,1,0,0.0,0.25,0.07142857142857142,0.0,0.0
9071248,1,0,0.0,,,0.0,0.0
9009987,1,0,0.0,,,0.0,0.0
8884318,1,0,0.0,,,0.0,0.0
5044744,1,1,0.0,,,0.0,0.0
1345850,1,1,0.0,,,0.0,0.05555555555555555
2099498,0,1,0.0,0.25,0.21428571428571427,0.0,0.0
8527301,0,0,0.0,0.25,0.2222222222222222,0.0,0.0
7281386,1,1,1.0,,,0.0,0.07692307692307693
7270212,1,0,0.0,,,0.0,0.0
6078896,1,0,0.0,0.4,0.2608695652173913,0.0,0.03448275862068965
5669942,1,1,0.0,,,0.0,0.027777777777777776
4885558,0,1,1.0,0.0,0.16129032258064516,0.0,0.1111111111111111
8884324,1,0,0.0,,,0.0,0.0
8884331,1,0,0.0,,,0.0,0.0
6000236,0,0,0.0,,,0.0,0.0
3278868,0,1,0.0,,,0.0,0.0
8128359,1,1,0.0,0.0,0.03571428571428571,0.0,0.0
7140266,1,0,0.0,,,0.0,0.0
5661992,1,1,0.0,,,0.0,0.0
6266141,1,1,0.0,,,0.0,0.0
7690266,0,0,0.0,,,0.0,0.0
75598,1,1,1.0,1.0,0.7916666666666666,0.0,0.35135135135135137
7689604,0,0,0.0,,,0.0,0.0
417396,0,0,1.0,0.5,0.3055555555555556,0.0,0.03888888888888889
1714153,1,1,0.0,,,0.0,0.0
8876416,1,0,0.0,,,0.0,0.0
1200088,1,0,0.0,0.08333333333333333,0.10344827586206896,0.0,0.0
9148925,1,1,0.0,,,0.0,0.0
4410638,0,1,0.0,,,0.0,0.01098901098901099
8395729,1,1,0.0,0.75,0.7647058823529411,0.0,0.0
2099475,0,1,0.0,0.4,0.3225806451612903,0.0,0.0
7692960,0,1,0.0,0.4,0.24444444444444444,0.0,0.0
2426949,1,0,0.0,,,0.0,0.0
8879970,1,1,0.0,,,0.0,0.0
5693687,1,1,0.0,,,0.0,0.0
2733856,1,1,0.0,,,0.0,0.0
7876151,0,0,0.0,0.5,0.29411764705882354,0.0,0.0
7281728,1,1,1.0,0.0,0.0,0.0,0.07692307692307693
7281392,1,1,0.0,,,0.0,0.0
7451973,1,0,0.0,0.25,0.1,0.0,0.0
5047848,1,0,0.0,,,0.0,0.0
5677820,1,1,0.0,,,0.0,0.0
182690,1,1,0.0,,,0.0,0.0
8371955,0,1,0.0,0.6,0.5,0.0,0.0
6276409,1,1,0.0,0.0,0.0,0.0,0.0
8862188,1,1,0.0,0.0,0.022727272727272728,0.0,0.0
4889871,1,0,0.0,,,0.0,0.018518518518518517
6186041,1,0,0.0,0.2,0.1914893617021277,0.0,0.0
785108,1,1,0.0,,,0.0,0.0
2596142,0,1,0.5,0.125,0.10294117647058824,0.0,0.04477611940298507
7270130,1,0,0.0,,,0.0,0.0
1194779,0,0,0.0,0.2,0.25,0.0,0.0
4414609,1,0,0.0,,,0.0,0.0
2264339,1,1,0.0,,,0.0,0.0
2294309,1,0,0.0,,,0.0,0.0
2103807,1,0,0.0,,,0.0,0.0
2192219,1,0,0.0,0.3333333333333333,0.17857142857142858,0.0,0.0
8949781,1,1,0.0,0.2,0.07142857142857142,0.0,0.0
8884323,1,0,0.0,,,0.0,0.0
1777562,0,1,0.0,0.25,0.16666666666666666,0.0,0.0
5669907,1,1,0.0,,,0.0,0.03571428571428571
2013290,1,1,0.0,,,0.0,0.0
6534459,1,0,0.0,0.5,0.5714285714285714,0.0,0.0
9157066,1,1,0.0,,,0.0,0.0
2013288,1,1,0.0,,,0.0,0.0
6621247,1,0,0.0,1.0,0.75,0.0,0.0
6178320,0,0,0.0,0.2,0.15,0.0,0.0
6451787,1,0,0.0,0.3333333333333333,0.2916666666666667,0.0,0.0
3515393,1,1,0.0,0.5,0.525,0.0,0.0
9083829,1,1,0.0,,,0.0,0.0
8966646,0,1,1.0,0.25,0.1,0.0,0.15873015873015872
6189191,1,1,0.0,0.25,0.2,0.0,0.0
7353387,1,0,0.0,0.16666666666666666,0.125,0.0,0.0
693523,0,1,0.0,0.125,0.09859154929577464,0.0,0.0
8958732,0,1,0.0,,,0.0,0.0
5244694,1,0,0.0,,,0.0,0.0
1843654,1,0,0.0,0.4,0.25,0.0,0.0
1192173,0,0,0.0,0.08333333333333333,0.10344827586206896,0.0,0.0
1286842,1,1,0.0,,,0.0,0.0
3602186,1,1,0.0,0.25,0.2,0.0,0.029411764705882363
6010263,1,0,0.0,0.6666666666666666,0.6842105263157895,0.0,0.0
7120503,1,1,0.0,0.125,0.08695652173913042,0.0,0.0
2103518,1,0,0.0,,,0.0,0.0
2103582,1,0,0.0,0.25,0.206896551724138,0.0,0.0
4862606,1,1,0.0,,,0.0,0.0
6261701,0,0,0.0,,,0.0,0.0
1352401,1,0,0.0,,,0.0,0.0
2656945,0,0,0.0,,,0.0,0.0
8168010,1,1,0.0,0.3333333333333333,0.24444444444444444,0.0,0.0
5992410,1,0,0.0,0.4,0.2195121951219512,0.0,0.0
4143502,1,1,0.0,,,0.0,0.0
7267077,1,0,0.0,0.0,0.0,0.0,0.0
2052866,1,1,0.0,,,0.0,0.0
6186028,1,0,0.0,0.4,0.5744680851063829,0.0,0.0
1139513,1,0,0.0,0.0,0.0,0.0,0.0
3594270,1,1,0.0,0.14285714285714285,0.2553191489361702,0.0,0.029411764705882363
1175809,1,1,0.0,,,0.0,0.0
6000228,0,0,0.0,,,0.0,0.0
8887884,1,1,0.0,,,0.0,0.0
8891385,1,0,0.0,0.0,0.05128205128205128,0.0,0.0
2021203,1,1,0.0,,,0.0,0.0
4761541,1,1,0.0,1.0,0.7916666666666666,0.0,0.0
6261717,1,0,0.0,,,0.0,0.0
4646125,1,1,0.0,0.6,0.5,0.0,0.04
8954716,0,0,0.0,,,0.0,0.0
2005365,0,1,0.0,,,0.0,0.0
